image_id,majority
022857018aa597374b6c_x102_y115_577_371_609_403.png,AMF
022857018aa597374b6c_x104_y91_477_114_513_152.png,NMF
022857018aa597374b6c_x107_y48_442_532_472_553.png,NMF
022857018aa597374b6c_x107_y69_521_589_542_613.png,NMF
022857018aa597374b6c_x108_y110_407_453_441_482.png,AMF
022857018aa597374b6c_x108_y30_332_281_376_338.png,AMF
022857018aa597374b6c_x108_y40_322_411_355_450.png,NMF
022857018aa597374b6c_x112_y50_388_217_420_239.png,AMF
022857018aa597374b6c_x113_y57_0_565_35_598.png,AMF
022857018aa597374b6c_x115_y104_88_263_132_308.png,AMF
022857018aa597374b6c_x118_y86_360_332_421_395.png,NMF
022857018aa597374b6c_x119_y86_367_189_418_239.png,AMF
022857018aa597374b6c_x11_y122_503_495_520_524.png,AMF
022857018aa597374b6c_x120_y128_471_522_501_549.png,AMF
022857018aa597374b6c_x120_y31_297_265_334_301.png,AMF
022857018aa597374b6c_x121_y31_507_354_539_378.png,AMF
022857018aa597374b6c_x122_y95_91_409_132_450.png,AMF
022857018aa597374b6c_x125_y35_0_212_29_252.png,AMF
022857018aa597374b6c_x126_y44_351_25_385_53.png,AMF
022857018aa597374b6c_x128_y31_11_567_32_595.png,AMF
022857018aa597374b6c_x130_y85_50_341_75_377.png,NMF
022857018aa597374b6c_x132_y74_369_591_391_619.png,AMF
022857018aa597374b6c_x133_y56_376_563_404_598.png,AMF
022857018aa597374b6c_x135_y61_232_319_263_351.png,AMF
022857018aa597374b6c_x137_y25_376_576_411_615.png,AMF
022857018aa597374b6c_x137_y75_176_560_203_598.png,AMF
022857018aa597374b6c_x13_y102_442_287_475_319.png,NMF
022857018aa597374b6c_x140_y77_68_322_96_358.png,AMF
022857018aa597374b6c_x143_y35_267_553_298_594.png,NMF
022857018aa597374b6c_x145_y106_299_535_341_573.png,NMF
022857018aa597374b6c_x145_y82_212_546_239_578.png,AMF
022857018aa597374b6c_x14_y105_429_330_456_360.png,AMF
022857018aa597374b6c_x151_y39_208_616_233_639.png,AMF
022857018aa597374b6c_x156_y58_521_320_546_356.png,AMF
022857018aa597374b6c_x16_y95_5_120_35_158.png,NMF
022857018aa597374b6c_x18_y80_490_24_510_49.png,NMF
022857018aa597374b6c_x23_y19_281_604_317_639.png,NMF
022857018aa597374b6c_x23_y96_188_33_222_71.png,AMF
022857018aa597374b6c_x24_y61_410_151_451_181.png,AMF
022857018aa597374b6c_x24_y86_4_59_30_87.png,AMF
022857018aa597374b6c_x24_y98_8_129_40_167.png,AMF
022857018aa597374b6c_x26_y112_348_105_391_132.png,AMF
022857018aa597374b6c_x30_y122_205_300_237_327.png,AMF
022857018aa597374b6c_x31_y70_503_80_530_111.png,AMF
022857018aa597374b6c_x34_y91_236_561_271_594.png,AMF
022857018aa597374b6c_x35_y93_444_440_468_468.png,AMF
022857018aa597374b6c_x36_y60_308_7_344_44.png,AMF
022857018aa597374b6c_x37_y61_198_40_220_64.png,NMF
022857018aa597374b6c_x38_y87_448_115_483_142.png,NMF
022857018aa597374b6c_x39_y75_482_520_510_544.png,NMF
022857018aa597374b6c_x40_y109_422_34_450_60.png,AMF
022857018aa597374b6c_x47_y106_372_328_404_356.png,AMF
022857018aa597374b6c_x49_y112_444_207_474_238.png,AMF
022857018aa597374b6c_x50_y20_468_263_495_286.png,AMF
022857018aa597374b6c_x51_y101_506_418_527_446.png,AMF
022857018aa597374b6c_x51_y91_478_557_505_589.png,AMF
022857018aa597374b6c_x55_y88_377_217_406_246.png,AMF
022857018aa597374b6c_x57_y70_133_392_161_415.png,NMF
022857018aa597374b6c_x58_y99_235_96_269_129.png,AMF
022857018aa597374b6c_x5_y92_304_68_324_93.png,AMF
022857018aa597374b6c_x63_y64_346_480_376_506.png,AMF
022857018aa597374b6c_x64_y56_535_105_570_134.png,AMF
022857018aa597374b6c_x65_y83_311_446_342_475.png,AMF
022857018aa597374b6c_x6_y81_281_253_307_285.png,NMF
022857018aa597374b6c_x6_y84_154_280_188_310.png,NMF
022857018aa597374b6c_x72_y78_507_390_536_425.png,NMF
022857018aa597374b6c_x79_y100_55_0_87_33.png,NMF
022857018aa597374b6c_x79_y41_286_420_311_448.png,AMF
022857018aa597374b6c_x7_y78_412_563_440_588.png,AMF
022857018aa597374b6c_x80_y45_68_598_93_626.png,AMF
022857018aa597374b6c_x81_y61_547_377_568_398.png,NMF
022857018aa597374b6c_x82_y68_378_7_410_42.png,AMF
022857018aa597374b6c_x83_y102_400_321_446_362.png,NMF
022857018aa597374b6c_x84_y71_380_494_402_518.png,AMF
022857018aa597374b6c_x88_y108_175_298_199_331.png,NMF
022857018aa597374b6c_x96_y80_248_131_276_164.png,AMF
022857018aa597374b6c_x98_y79_203_76_233_100.png,AMF
084383c18b9060880e82_x32_y54_22_228_51_253.png,NMF
084383c18b9060880e82_x37_y49_324_493_358_531.png,AMF
084383c18b9060880e82_x38_y42_471_284_495_312.png,AMF
084383c18b9060880e82_x40_y120_550_320_579_359.png,AMF
084383c18b9060880e82_x47_y47_362_0_388_28.png,AMF
084383c18b9060880e82_x53_y116_89_105_118_126.png,NMF
084383c18b9060880e82_x60_y114_30_516_59_543.png,AMF
084383c18b9060880e82_x68_y51_532_183_553_209.png,NMF
084383c18b9060880e82_x76_y94_26_382_52_408.png,AMF
084383c18b9060880e82_x77_y76_467_113_491_132.png,AMF
084383c18b9060880e82_x80_y87_600_195_625_217.png,AMF
1018715d369dd0df2fc0_x100_y110_207_241_241_275.png,NMF
1018715d369dd0df2fc0_x100_y39_123_602_147_632.png,AMF
1018715d369dd0df2fc0_x100_y39_126_276_157_308.png,NMF
1018715d369dd0df2fc0_x100_y44_103_487_132_515.png,NMF
1018715d369dd0df2fc0_x100_y44_543_154_566_177.png,AMF
1018715d369dd0df2fc0_x100_y59_515_0_552_29.png,AMF
1018715d369dd0df2fc0_x100_y81_0_251_26_286.png,AMF
1018715d369dd0df2fc0_x100_y81_361_369_390_402.png,AMF
1018715d369dd0df2fc0_x101_y108_571_114_600_148.png,AMF
1018715d369dd0df2fc0_x101_y109_481_483_514_518.png,AMF
1018715d369dd0df2fc0_x101_y111_231_481_268_516.png,AMF
1018715d369dd0df2fc0_x101_y24_563_520_590_548.png,AMF
1018715d369dd0df2fc0_x101_y36_97_539_127_564.png,NMF
1018715d369dd0df2fc0_x101_y42_339_118_367_147.png,AMF
1018715d369dd0df2fc0_x101_y43_273_343_297_369.png,AMF
1018715d369dd0df2fc0_x102_y102_332_607_365_639.png,AMF
1018715d369dd0df2fc0_x102_y85_381_221_419_257.png,NMF
1018715d369dd0df2fc0_x103_y113_88_392_128_425.png,AMF
1018715d369dd0df2fc0_x103_y42_152_454_178_483.png,NMF
1018715d369dd0df2fc0_x104_y46_289_200_320_229.png,AMF
1018715d369dd0df2fc0_x105_y78_319_250_354_282.png,AMF
1018715d369dd0df2fc0_x105_y80_74_199_106_228.png,AMF
1018715d369dd0df2fc0_x105_y81_576_592_610_632.png,AMF
1018715d369dd0df2fc0_x106_y113_614_386_637_419.png,AMF
1018715d369dd0df2fc0_x106_y116_83_465_116_496.png,NMF
1018715d369dd0df2fc0_x107_y111_145_13_172_42.png,NMF
1018715d369dd0df2fc0_x107_y36_248_599_281_636.png,NMF
1018715d369dd0df2fc0_x107_y51_370_231_403_255.png,AMF
1018715d369dd0df2fc0_x107_y52_288_332_321_360.png,AMF
1018715d369dd0df2fc0_x107_y57_301_296_335_322.png,NMF
1018715d369dd0df2fc0_x107_y61_541_55_574_86.png,NMF
1018715d369dd0df2fc0_x108_y49_16_3_48_30.png,AMF
1018715d369dd0df2fc0_x109_y122_75_596_108_632.png,NMF
1018715d369dd0df2fc0_x109_y42_126_39_150_62.png,NMF
1018715d369dd0df2fc0_x109_y64_86_403_114_432.png,AMF
1018715d369dd0df2fc0_x110_y76_477_172_510_206.png,AMF
1018715d369dd0df2fc0_x110_y97_174_30_200_63.png,AMF
1018715d369dd0df2fc0_x111_y121_0_289_25_319.png,AMF
1018715d369dd0df2fc0_x111_y31_490_76_522_106.png,AMF
1018715d369dd0df2fc0_x111_y91_23_255_54_283.png,AMF
1018715d369dd0df2fc0_x112_y110_357_109_382_136.png,NMF
1018715d369dd0df2fc0_x112_y81_392_141_420_171.png,AMF
1018715d369dd0df2fc0_x113_y112_568_106_599_134.png,NMF
1018715d369dd0df2fc0_x116_y83_449_440_479_476.png,AMF
1018715d369dd0df2fc0_x116_y90_482_438_511_474.png,AMF
1018715d369dd0df2fc0_x116_y98_128_29_162_66.png,NMF
1018715d369dd0df2fc0_x116_y98_5_179_38_212.png,AMF
1018715d369dd0df2fc0_x117_y111_522_389_556_414.png,AMF
1018715d369dd0df2fc0_x117_y121_172_468_210_503.png,AMF
1018715d369dd0df2fc0_x117_y32_562_569_592_604.png,AMF
1018715d369dd0df2fc0_x118_y112_564_158_594_180.png,AMF
1018715d369dd0df2fc0_x118_y39_7_314_39_348.png,AMF
1018715d369dd0df2fc0_x118_y97_353_567_382_602.png,NMF
1018715d369dd0df2fc0_x120_y63_28_41_56_63.png,AMF
1018715d369dd0df2fc0_x120_y73_386_486_413_517.png,AMF
1018715d369dd0df2fc0_x120_y94_29_429_61_459.png,AMF
1018715d369dd0df2fc0_x121_y113_589_50_620_80.png,AMF
1018715d369dd0df2fc0_x122_y118_249_564_281_599.png,AMF
1018715d369dd0df2fc0_x122_y91_369_511_405_547.png,AMF
1018715d369dd0df2fc0_x123_y54_159_109_186_146.png,AMF
1018715d369dd0df2fc0_x123_y95_113_359_141_380.png,AMF
1018715d369dd0df2fc0_x124_y32_353_581_374_608.png,AMF
1018715d369dd0df2fc0_x124_y55_581_170_613_205.png,AMF
1018715d369dd0df2fc0_x124_y75_312_135_345_169.png,AMF
1018715d369dd0df2fc0_x125_y72_365_250_399_280.png,AMF
1018715d369dd0df2fc0_x126_y108_307_623_340_640.png,AMF
1018715d369dd0df2fc0_x126_y35_177_561_206_589.png,AMF
1018715d369dd0df2fc0_x126_y77_546_83_571_108.png,AMF
1018715d369dd0df2fc0_x126_y84_202_545_230_577.png,AMF
1018715d369dd0df2fc0_x127_y101_537_473_564_512.png,AMF
1018715d369dd0df2fc0_x128_y35_148_0_173_31.png,AMF
1018715d369dd0df2fc0_x128_y71_141_235_170_265.png,AMF
1018715d369dd0df2fc0_x128_y80_497_172_527_202.png,AMF
1018715d369dd0df2fc0_x129_y104_585_427_618_463.png,NMF
1018715d369dd0df2fc0_x129_y107_486_163_515_189.png,AMF
1018715d369dd0df2fc0_x129_y60_484_434_518_468.png,AMF
1018715d369dd0df2fc0_x129_y86_56_145_85_184.png,AMF
1018715d369dd0df2fc0_x130_y101_475_233_504_269.png,NMF
1018715d369dd0df2fc0_x130_y109_385_308_418_342.png,AMF
1018715d369dd0df2fc0_x130_y67_512_245_541_268.png,AMF
1018715d369dd0df2fc0_x130_y70_591_70_625_100.png,AMF
1018715d369dd0df2fc0_x130_y96_194_611_227_639.png,AMF
1018715d369dd0df2fc0_x131_y108_187_254_227_288.png,NMF
1018715d369dd0df2fc0_x131_y38_395_35_416_62.png,AMF
1018715d369dd0df2fc0_x131_y66_304_219_343_257.png,NMF
1018715d369dd0df2fc0_x131_y67_297_376_324_400.png,AMF
1018715d369dd0df2fc0_x131_y68_142_283_171_307.png,NMF
1018715d369dd0df2fc0_x131_y91_178_46_210_84.png,NMF
1018715d369dd0df2fc0_x131_y99_600_81_631_114.png,AMF
1018715d369dd0df2fc0_x132_y78_568_586_596_617.png,NMF
1018715d369dd0df2fc0_x133_y100_346_2_381_36.png,NMF
1018715d369dd0df2fc0_x133_y70_425_358_458_387.png,AMF
1018715d369dd0df2fc0_x133_y77_8_326_38_361.png,AMF
1018715d369dd0df2fc0_x135_y56_584_394_606_417.png,AMF
1018715d369dd0df2fc0_x135_y76_264_613_297_639.png,NMF
1018715d369dd0df2fc0_x135_y76_73_548_108_578.png,AMF
1018715d369dd0df2fc0_x135_y80_559_116_591_157.png,NMF
1018715d369dd0df2fc0_x136_y102_79_118_110_144.png,NMF
1018715d369dd0df2fc0_x136_y117_404_450_432_478.png,AMF
1018715d369dd0df2fc0_x136_y85_201_192_233_232.png,AMF
1018715d369dd0df2fc0_x136_y96_385_58_411_85.png,NMF
1018715d369dd0df2fc0_x137_y101_189_253_219_277.png,AMF
1018715d369dd0df2fc0_x138_y118_291_303_322_328.png,AMF
1018715d369dd0df2fc0_x139_y72_99_364_136_404.png,AMF
1018715d369dd0df2fc0_x140_y104_138_288_166_314.png,AMF
1018715d369dd0df2fc0_x141_y69_228_410_255_441.png,AMF
1018715d369dd0df2fc0_x143_y67_78_571_108_598.png,AMF
1018715d369dd0df2fc0_x143_y91_429_55_458_83.png,AMF
1018715d369dd0df2fc0_x144_y115_462_312_491_346.png,AMF
1018715d369dd0df2fc0_x144_y73_295_358_323_385.png,AMF
1018715d369dd0df2fc0_x145_y73_306_478_332_508.png,AMF
1018715d369dd0df2fc0_x145_y93_389_28_422_63.png,NMF
1018715d369dd0df2fc0_x146_y62_522_177_553_205.png,AMF
1018715d369dd0df2fc0_x148_y62_417_273_451_308.png,NMF
1018715d369dd0df2fc0_x149_y106_453_284_484_314.png,AMF
1018715d369dd0df2fc0_x149_y76_564_529_597_555.png,AMF
1018715d369dd0df2fc0_x151_y101_203_170_229_195.png,NMF
1018715d369dd0df2fc0_x151_y110_497_569_521_601.png,AMF
1018715d369dd0df2fc0_x151_y112_266_335_295_365.png,AMF
1018715d369dd0df2fc0_x151_y120_25_402_58_426.png,AMF
1018715d369dd0df2fc0_x152_y112_363_165_390_196.png,AMF
1018715d369dd0df2fc0_x152_y94_594_161_624_186.png,AMF
1018715d369dd0df2fc0_x152_y97_207_68_233_91.png,AMF
1018715d369dd0df2fc0_x153_y106_125_255_155_287.png,AMF
1018715d369dd0df2fc0_x154_y112_32_398_57_430.png,AMF
1018715d369dd0df2fc0_x155_y103_351_284_376_299.png,NMF
1018715d369dd0df2fc0_x155_y84_555_376_587_397.png,AMF
1018715d369dd0df2fc0_x156_y92_247_541_267_567.png,AMF
1018715d369dd0df2fc0_x157_y103_23_424_46_447.png,AMF
1018715d369dd0df2fc0_x157_y90_60_612_93_637.png,NMF
1018715d369dd0df2fc0_x158_y109_245_276_274_299.png,AMF
1018715d369dd0df2fc0_x17_y89_563_14_600_51.png,AMF
1018715d369dd0df2fc0_x18_y100_140_521_168_550.png,AMF
1018715d369dd0df2fc0_x20_y103_259_175_295_215.png,AMF
1018715d369dd0df2fc0_x21_y95_396_9_426_34.png,NMF
1018715d369dd0df2fc0_x22_y80_461_122_484_157.png,AMF
1018715d369dd0df2fc0_x22_y82_278_616_315_640.png,AMF
1018715d369dd0df2fc0_x22_y96_480_123_515_157.png,NMF
1018715d369dd0df2fc0_x24_y61_144_583_168_617.png,AMF
1018715d369dd0df2fc0_x24_y90_251_346_278_380.png,NMF
1018715d369dd0df2fc0_x24_y94_225_247_249_276.png,AMF
1018715d369dd0df2fc0_x25_y96_84_415_117_454.png,AMF
1018715d369dd0df2fc0_x26_y100_216_94_241_122.png,AMF
1018715d369dd0df2fc0_x27_y64_349_50_376_78.png,AMF
1018715d369dd0df2fc0_x28_y70_484_367_517_397.png,AMF
1018715d369dd0df2fc0_x30_y101_294_289_322_316.png,AMF
1018715d369dd0df2fc0_x30_y62_386_398_413_431.png,NMF
1018715d369dd0df2fc0_x31_y60_177_197_203_226.png,AMF
1018715d369dd0df2fc0_x34_y104_618_271_639_298.png,AMF
1018715d369dd0df2fc0_x35_y81_15_54_44_79.png,NMF
1018715d369dd0df2fc0_x37_y50_468_313_500_345.png,AMF
1018715d369dd0df2fc0_x42_y36_592_109_614_133.png,AMF
1018715d369dd0df2fc0_x45_y49_458_348_492_385.png,NMF
1018715d369dd0df2fc0_x45_y49_459_348_491_377.png,AMF
1018715d369dd0df2fc0_x46_y43_161_424_189_453.png,AMF
1018715d369dd0df2fc0_x50_y31_423_41_454_78.png,AMF
1018715d369dd0df2fc0_x51_y39_270_16_313_52.png,AMF
1018715d369dd0df2fc0_x52_y47_439_267_472_302.png,AMF
1018715d369dd0df2fc0_x53_y32_490_36_520_60.png,NMF
1018715d369dd0df2fc0_x53_y65_445_191_474_211.png,AMF
1018715d369dd0df2fc0_x55_y49_81_113_102_139.png,AMF
1018715d369dd0df2fc0_x56_y40_402_352_428_377.png,AMF
1018715d369dd0df2fc0_x56_y57_575_8_604_36.png,NMF
1018715d369dd0df2fc0_x57_y36_553_199_580_229.png,NMF
1018715d369dd0df2fc0_x57_y55_572_611_604_639.png,NMF
1018715d369dd0df2fc0_x58_y39_365_96_396_130.png,AMF
1018715d369dd0df2fc0_x58_y39_439_606_472_640.png,AMF
1018715d369dd0df2fc0_x59_y20_195_151_225_180.png,AMF
1018715d369dd0df2fc0_x59_y43_268_521_292_548.png,AMF
1018715d369dd0df2fc0_x61_y20_464_577_492_605.png,AMF
1018715d369dd0df2fc0_x62_y60_447_548_473_578.png,AMF
1018715d369dd0df2fc0_x64_y68_477_482_513_512.png,NMF
1018715d369dd0df2fc0_x66_y48_138_151_167_182.png,AMF
1018715d369dd0df2fc0_x68_y27_478_328_508_345.png,AMF
1018715d369dd0df2fc0_x69_y53_315_258_348_293.png,NMF
1018715d369dd0df2fc0_x70_y110_73_15_107_49.png,NMF
1018715d369dd0df2fc0_x71_y57_280_15_305_45.png,AMF
1018715d369dd0df2fc0_x71_y79_127_91_155_123.png,AMF
1018715d369dd0df2fc0_x74_y18_12_478_42_509.png,AMF
1018715d369dd0df2fc0_x74_y40_379_218_413_254.png,NMF
1018715d369dd0df2fc0_x75_y18_164_290_201_326.png,AMF
1018715d369dd0df2fc0_x76_y114_129_213_167_244.png,AMF
1018715d369dd0df2fc0_x76_y46_191_390_216_415.png,NMF
1018715d369dd0df2fc0_x76_y63_409_280_439_307.png,AMF
1018715d369dd0df2fc0_x77_y109_418_343_462_380.png,AMF
1018715d369dd0df2fc0_x77_y121_336_307_358_335.png,NMF
1018715d369dd0df2fc0_x78_y39_419_350_456_382.png,AMF
1018715d369dd0df2fc0_x79_y20_330_362_363_390.png,AMF
1018715d369dd0df2fc0_x79_y47_349_58_376_92.png,AMF
1018715d369dd0df2fc0_x80_y115_273_91_311_117.png,AMF
1018715d369dd0df2fc0_x80_y120_18_385_54_421.png,AMF
1018715d369dd0df2fc0_x81_y38_597_253_628_289.png,AMF
1018715d369dd0df2fc0_x81_y42_260_222_290_252.png,AMF
1018715d369dd0df2fc0_x81_y62_55_357_91_393.png,AMF
1018715d369dd0df2fc0_x82_y22_192_21_230_53.png,NMF
1018715d369dd0df2fc0_x82_y65_148_312_184_347.png,NMF
1018715d369dd0df2fc0_x82_y73_363_270_396_304.png,NMF
1018715d369dd0df2fc0_x83_y50_107_458_141_490.png,NMF
1018715d369dd0df2fc0_x84_y118_361_309_386_339.png,AMF
1018715d369dd0df2fc0_x84_y30_350_204_375_229.png,AMF
1018715d369dd0df2fc0_x84_y38_433_599_459_625.png,AMF
1018715d369dd0df2fc0_x85_y101_578_401_611_438.png,AMF
1018715d369dd0df2fc0_x85_y60_593_48_626_78.png,AMF
1018715d369dd0df2fc0_x86_y38_455_579_485_612.png,AMF
1018715d369dd0df2fc0_x86_y50_321_52_351_87.png,AMF
1018715d369dd0df2fc0_x86_y59_262_328_290_357.png,AMF
1018715d369dd0df2fc0_x91_y109_22_564_54_594.png,AMF
1018715d369dd0df2fc0_x91_y30_463_517_489_539.png,AMF
1018715d369dd0df2fc0_x91_y58_509_125_543_162.png,AMF
1018715d369dd0df2fc0_x91_y98_59_140_94_175.png,AMF
1018715d369dd0df2fc0_x92_y21_557_69_591_97.png,AMF
1018715d369dd0df2fc0_x92_y79_492_443_525_473.png,AMF
1018715d369dd0df2fc0_x94_y48_398_130_431_161.png,AMF
1018715d369dd0df2fc0_x96_y108_213_516_248_547.png,AMF
1018715d369dd0df2fc0_x96_y55_368_428_401_460.png,AMF
1018715d369dd0df2fc0_x97_y15_117_557_134_579.png,AMF
1018715d369dd0df2fc0_x97_y55_408_28_435_57.png,AMF
1018715d369dd0df2fc0_x98_y48_432_438_467_473.png,AMF
10a_210222_x129_y49_13_153_41_185.png,AMF
10a_210222_x137_y57_464_593_494_622.png,AMF
10a_210222_x138_y65_193_185_213_210.png,AMF
10a_210222_x139_y71_7_186_37_216.png,NMF
10a_210222_x143_y65_75_224_103_255.png,AMF
10a_210222_x145_y73_130_59_162_88.png,AMF
10a_210222_x145_y75_136_0_164_38.png,AMF
10a_210222_x147_y42_366_88_390_122.png,AMF
10a_210222_x147_y57_550_261_581_289.png,AMF
10a_210222_x147_y69_540_392_574_424.png,AMF
10a_210222_x149_y56_27_346_52_381.png,AMF
10a_210222_x149_y81_284_121_314_151.png,AMF
10a_210222_x168_y19_483_188_524_221.png,AMF
10a_210222_x176_y17_278_188_304_208.png,AMF
10a_210222_x177_y24_40_617_67_640.png,AMF
10a_210222_x178_y22_98_441_134_466.png,AMF
10a_210222_x24_y50_289_554_318_581.png,AMF
10a_210222_x50_y42_468_37_502_70.png,NMF
10a_210222_x50_y42_498_410_517_439.png,AMF
10a_210222_x52_y40_163_583_192_620.png,AMF
10a_210222_x61_y31_56_597_89_631.png,AMF
13528f1921d4f1f15511_x114_y41_382_194_417_224.png,AMF
13528f1921d4f1f15511_x165_y78_416_465_456_496.png,AMF
13528f1921d4f1f15511_x71_y78_590_246_615_277.png,AMF
1a_101221_x77_y95_176_88_199_121.png,AMF
1a_101221_x85_y53_264_169_302_200.png,AMF
1a_101221_x90_y36_33_118_74_152.png,AMF
1a_151121_x14_y20_7_74_83_152.png,AMF
1a_151121_x38_y37_10_483_104_561.png,AMF
1a_151121_x52_y10_335_342_422_426.png,AMF
1a_151121_x54_y16_203_326_279_399.png,NMF
1a_151121_x7_y25_322_196_405_260.png,NMF
1a_165925_x130_y48_362_568_405_609.png,AMF
1a_165925_x24_y60_122_375_161_411.png,AMF
1a_165925_x30_y40_201_345_237_377.png,AMF
1a_165925_x43_y67_394_396_432_445.png,AMF
1a_165925_x43_y67_492_584_517_619.png,AMF
1a_165925_x48_y59_235_99_268_137.png,AMF
1a_165925_x52_y56_414_293_447_326.png,AMF
1a_165925_x52_y60_396_283_439_319.png,AMF
1a_165925_x53_y57_542_469_594_522.png,AMF
1a_165925_x54_y65_83_222_109_244.png,AMF
1a_165925_x56_y66_162_466_225_513.png,AMF
1a_165925_x57_y64_375_245_408_286.png,AMF
1a_165925_x58_y54_521_434_557_486.png,AMF
1a_165925_x61_y74_418_353_454_388.png,AMF
1a_165925_x62_y79_96_247_130_291.png,AMF
1a_165925_x63_y79_64_151_99_198.png,AMF
1a_165925_x93_y44_343_578_420_640.png,AMF
1a_165925_x94_y45_464_255_502_299.png,AMF
1c_180122_x135_y75_15_61_77_131.png,AMF
1c_180122_x138_y119_373_20_433_66.png,AMF
1c_180122_x140_y118_137_362_181_413.png,AMF
1c_180122_x202_y95_126_121_158_153.png,AMF
1c_180122_x215_y68_529_262_560_299.png,AMF
1c_180122_x215_y68_545_159_585_214.png,NMF
1c_180122_x219_y98_155_541_188_584.png,AMF
1c_180122_x220_y110_445_45_492_87.png,AMF
1c_180122_x221_y110_31_232_100_298.png,AMF
1c_180122_x225_y110_519_43_555_82.png,AMF
1c_180122_x229_y106_267_144_303_201.png,AMF
1g_180122_x102_y46_99_384_141_435.png,AMF
1g_180122_x123_y63_435_233_481_274.png,NMF
1g_180122_x138_y59_211_76_254_113.png,AMF
1g_180122_x223_y46_265_380_328_461.png,AMF
1g_180122_x62_y65_606_0_630_26.png,AMF
2191a7aa287ce1d5dbc0_x13_y68_518_382_546_406.png,AMF
2191a7aa287ce1d5dbc0_x15_y62_530_241_550_261.png,AMF
2191a7aa287ce1d5dbc0_x18_y67_588_109_615_142.png,NMF
2191a7aa287ce1d5dbc0_x30_y105_457_103_486_137.png,AMF
2191a7aa287ce1d5dbc0_x32_y103_378_258_400_286.png,AMF
2191a7aa287ce1d5dbc0_x33_y104_179_140_208_174.png,NMF
2191a7aa287ce1d5dbc0_x37_y114_140_176_165_203.png,AMF
2191a7aa287ce1d5dbc0_x41_y18_141_23_156_44.png,AMF
2191a7aa287ce1d5dbc0_x42_y105_424_550_448_575.png,AMF
2191a7aa287ce1d5dbc0_x42_y28_400_592_424_617.png,AMF
2191a7aa287ce1d5dbc0_x45_y99_462_325_488_364.png,NMF
2191a7aa287ce1d5dbc0_x46_y96_190_619_215_639.png,AMF
2191a7aa287ce1d5dbc0_x47_y98_231_278_254_302.png,NMF
2191a7aa287ce1d5dbc0_x54_y30_343_281_362_309.png,AMF
2191a7aa287ce1d5dbc0_x63_y48_347_466_365_495.png,AMF
2191a7aa287ce1d5dbc0_x66_y59_328_584_342_613.png,NMF
2191a7aa287ce1d5dbc0_x68_y18_149_446_172_477.png,AMF
2191a7aa287ce1d5dbc0_x74_y14_532_104_559_127.png,AMF
2191a7aa287ce1d5dbc0_x74_y14_70_370_95_398.png,NMF
2191a7aa287ce1d5dbc0_x78_y56_53_597_74_626.png,NMF
2191a7aa287ce1d5dbc0_x79_y11_446_563_471_578.png,AMF
2191a7aa287ce1d5dbc0_x79_y26_67_521_101_553.png,AMF
2191a7aa287ce1d5dbc0_x84_y34_190_64_218_86.png,NMF
2191a7aa287ce1d5dbc0_x86_y26_465_523_486_547.png,AMF
2191a7aa287ce1d5dbc0_x94_y46_488_241_523_268.png,AMF
2191a7aa287ce1d5dbc0_x99_y37_55_598_80_623.png,AMF
22-07-13_71a_x70_y37_126_587_155_628.png,AMF
22-07-13_72a_x24_y58_197_512_230_552.png,AMF
22-07-13_72a_x71_y59_615_453_639_491.png,NMF
22-07-13_72a_x86_y73_587_343_631_387.png,AMF
22-07-13_72a_x94_y67_8_537_155_639.png,AMF
22-07-13_74a_x168_y74_241_289_273_321.png,AMF
22-07-13_74a_x194_y79_164_166_199_202.png,AMF
22-07-13_74a_x42_y61_322_180_348_210.png,AMF
22-07-13_74a_x42_y61_396_0_425_35.png,AMF
22-07-13_75a_x74_y72_605_98_640_131.png,AMF
22-07-13_75a_x84_y56_16_82_51_120.png,AMF
22-07-13_75a_x86_y60_435_565_470_608.png,NMF
22-07-13_76a_x58_y47_248_535_406_640.png,AMF
22-07-13_82a_x57_y85_0_519_49_559.png,AMF
22-07-13_82a_x57_y85_0_520_49_580.png,AMF
22-07-13_83a_x109_y88_284_288_312_312.png,AMF
22-07-13_83a_x109_y92_533_220_589_266.png,AMF
22-07-13_83a_x114_y87_13_239_42_272.png,AMF
22-07-13_83a_x114_y87_321_180_358_232.png,AMF
22-07-13_83a_x123_y74_523_590_554_633.png,AMF
22-07-13_83a_x35_y60_343_479_370_523.png,AMF
22-07-13_83a_x50_y44_304_346_332_381.png,AMF
22-07-13_83a_x58_y40_442_307_500_359.png,AMF
22-07-13_83a_x60_y45_265_250_313_298.png,AMF
22-07-13_83a_x77_y22_200_354_266_402.png,AMF
22-07-13_84a_x143_y69_294_198_328_229.png,AMF
22-07-13_84a_x24_y41_527_197_556_228.png,AMF
22-07-13_84a_x26_y42_141_564_169_591.png,AMF
22-07-13_84a_x28_y40_555_218_591_246.png,AMF
22-07-13_85a_x107_y66_556_396_584_424.png,AMF
22-07-13_85a_x113_y28_358_583_389_618.png,AMF
22-07-13_85a_x113_y45_50_453_80_479.png,AMF
22-07-13_85a_x115_y27_237_342_255_382.png,AMF
22-07-13_85a_x121_y70_168_257_202_288.png,AMF
22-07-13_85a_x133_y59_2_508_24_540.png,AMF
22-07-13_85a_x134_y59_440_89_475_125.png,AMF
22-07-13_85a_x135_y60_260_272_288_306.png,AMF
22-07-13_85a_x143_y77_102_116_130_144.png,AMF
22-07-13_88a_x141_y45_198_530_232_563.png,AMF
22-07-13_89a_x37_y46_198_311_242_363.png,AMF
22-07-13_89a_x37_y46_199_327_241_363.png,AMF
22-07-13_89a_x42_y96_306_194_337_224.png,NMF
22-07-13_89a_x52_y40_187_501_219_539.png,AMF
22-07-13_89a_x56_y35_319_346_359_388.png,AMF
22-07-13_89a_x65_y92_457_115_506_161.png,AMF
22-07-13_89a_x75_y89_4_48_50_75.png,AMF
22-07-13_89a_x77_y86_432_520_478_558.png,AMF
22-07-13_89a_x82_y55_408_520_444_553.png,AMF
22-07-13_89a_x82_y63_138_541_183_598.png,AMF
22-07-13_89a_x85_y78_601_578_638_599.png,AMF
22-07-13_91a_x171_y37_62_174_104_208.png,AMF
22-07-13_91a_x69_y75_38_106_72_142.png,AMF
22-07-13_95a_x237_y50_335_374_365_396.png,AMF
22-07-13_98a_x156_y35_129_584_172_631.png,AMF
22-07-13_98a_x63_y23_348_605_375_630.png,AMF
2d56d1902ca533a5b509_x13_y66_532_602_562_638.png,AMF
2d56d1902ca533a5b509_x37_y11_62_525_91_556.png,AMF
2d56d1902ca533a5b509_x38_y22_539_135_575_156.png,AMF
2f17d43b3f9e7dacf24c_x104_y103_101_225_125_254.png,AMF
2f17d43b3f9e7dacf24c_x104_y103_370_86_402_120.png,AMF
2f17d43b3f9e7dacf24c_x105_y103_97_608_123_631.png,AMF
2f17d43b3f9e7dacf24c_x109_y96_561_317_596_343.png,AMF
2f17d43b3f9e7dacf24c_x110_y97_343_459_368_483.png,AMF
2f17d43b3f9e7dacf24c_x18_y61_559_124_584_148.png,AMF
2f17d43b3f9e7dacf24c_x21_y37_515_474_540_503.png,AMF
2f17d43b3f9e7dacf24c_x23_y61_132_151_159_183.png,NMF
2f17d43b3f9e7dacf24c_x25_y37_557_546_592_575.png,AMF
2f17d43b3f9e7dacf24c_x28_y60_214_490_234_522.png,AMF
2f17d43b3f9e7dacf24c_x30_y60_102_39_127_63.png,AMF
2f17d43b3f9e7dacf24c_x81_y97_213_221_242_253.png,NMF
2f17d43b3f9e7dacf24c_x90_y102_550_163_576_191.png,AMF
2f17d43b3f9e7dacf24c_x94_y97_94_61_120_99.png,AMF
2f17d43b3f9e7dacf24c_x97_y108_554_361_584_390.png,NMF
2f17d43b3f9e7dacf24c_x9_y60_263_89_291_116.png,NMF
34eb28ce68c1106b2bac_x101_y53_234_534_258_556.png,AMF
34eb28ce68c1106b2bac_x11_y64_364_511_387_535.png,AMF
34eb28ce68c1106b2bac_x12_y48_211_262_240_282.png,AMF
34eb28ce68c1106b2bac_x13_y63_614_53_639_75.png,AMF
34eb28ce68c1106b2bac_x14_y59_95_110_123_137.png,NMF
34eb28ce68c1106b2bac_x16_y55_145_387_163_414.png,AMF
34eb28ce68c1106b2bac_x17_y47_386_489_412_515.png,NMF
34eb28ce68c1106b2bac_x17_y52_30_150_53_172.png,AMF
34eb28ce68c1106b2bac_x20_y57_83_591_110_619.png,NMF
34eb28ce68c1106b2bac_x20_y64_599_419_627_445.png,AMF
34eb28ce68c1106b2bac_x21_y44_233_129_263_164.png,AMF
34eb28ce68c1106b2bac_x21_y47_25_289_46_311.png,AMF
34eb28ce68c1106b2bac_x22_y39_302_64_325_95.png,AMF
34eb28ce68c1106b2bac_x22_y58_616_377_635_399.png,NMF
34eb28ce68c1106b2bac_x24_y49_530_448_548_470.png,AMF
34eb28ce68c1106b2bac_x26_y53_106_20_133_45.png,AMF
34eb28ce68c1106b2bac_x26_y58_236_29_257_59.png,AMF
34eb28ce68c1106b2bac_x27_y24_74_236_99_262.png,AMF
34eb28ce68c1106b2bac_x28_y36_566_511_588_536.png,AMF
34eb28ce68c1106b2bac_x33_y52_280_313_304_339.png,AMF
34eb28ce68c1106b2bac_x34_y69_490_240_510_266.png,NMF
34eb28ce68c1106b2bac_x35_y18_57_364_86_389.png,NMF
34eb28ce68c1106b2bac_x35_y26_210_460_242_495.png,NMF
34eb28ce68c1106b2bac_x35_y56_310_160_336_188.png,NMF
34eb28ce68c1106b2bac_x36_y44_378_296_416_332.png,NMF
34eb28ce68c1106b2bac_x36_y60_197_228_222_253.png,AMF
34eb28ce68c1106b2bac_x45_y75_10_89_41_112.png,AMF
34eb28ce68c1106b2bac_x47_y82_130_457_158_481.png,AMF
34eb28ce68c1106b2bac_x49_y19_558_136_585_167.png,AMF
34eb28ce68c1106b2bac_x50_y17_591_43_621_67.png,AMF
34eb28ce68c1106b2bac_x51_y71_289_482_310_508.png,AMF
34eb28ce68c1106b2bac_x51_y75_434_97_457_125.png,AMF
34eb28ce68c1106b2bac_x53_y73_12_222_41_250.png,AMF
34eb28ce68c1106b2bac_x55_y9_400_586_432_613.png,AMF
34eb28ce68c1106b2bac_x55_y9_53_119_82_150.png,NMF
34eb28ce68c1106b2bac_x56_y88_448_141_475_167.png,AMF
34eb28ce68c1106b2bac_x57_y11_208_83_227_110.png,AMF
34eb28ce68c1106b2bac_x57_y29_156_288_185_314.png,NMF
34eb28ce68c1106b2bac_x59_y89_21_184_50_205.png,AMF
34eb28ce68c1106b2bac_x61_y76_240_149_263_173.png,AMF
34eb28ce68c1106b2bac_x61_y81_105_125_129_152.png,AMF
34eb28ce68c1106b2bac_x64_y6_267_259_302_297.png,NMF
34eb28ce68c1106b2bac_x66_y92_306_65_341_99.png,AMF
34eb28ce68c1106b2bac_x67_y72_108_48_145_84.png,AMF
34eb28ce68c1106b2bac_x70_y14_91_358_130_389.png,AMF
34eb28ce68c1106b2bac_x70_y35_268_404_298_427.png,NMF
34eb28ce68c1106b2bac_x70_y88_530_455_555_481.png,AMF
34eb28ce68c1106b2bac_x71_y40_203_423_231_446.png,AMF
34eb28ce68c1106b2bac_x71_y78_159_143_184_168.png,AMF
34eb28ce68c1106b2bac_x71_y9_116_427_135_456.png,AMF
34eb28ce68c1106b2bac_x72_y74_481_482_506_503.png,NMF
34eb28ce68c1106b2bac_x75_y52_75_343_108_369.png,AMF
34eb28ce68c1106b2bac_x76_y72_123_28_143_54.png,AMF
34eb28ce68c1106b2bac_x77_y29_519_442_541_468.png,AMF
34eb28ce68c1106b2bac_x77_y45_139_99_168_126.png,AMF
34eb28ce68c1106b2bac_x78_y33_132_243_151_268.png,AMF
34eb28ce68c1106b2bac_x78_y76_600_74_626_108.png,NMF
34eb28ce68c1106b2bac_x80_y67_187_537_211_564.png,NMF
34eb28ce68c1106b2bac_x82_y49_268_310_295_331.png,AMF
34eb28ce68c1106b2bac_x83_y83_136_426_159_451.png,AMF
34eb28ce68c1106b2bac_x88_y66_154_476_188_504.png,AMF
34eb28ce68c1106b2bac_x90_y63_68_339_87_369.png,AMF
34eb28ce68c1106b2bac_x92_y65_580_570_613_595.png,NMF
34eb28ce68c1106b2bac_x93_y66_100_357_126_381.png,AMF
34eb28ce68c1106b2bac_x95_y39_174_171_198_195.png,NMF
34eb28ce68c1106b2bac_x95_y61_579_321_606_349.png,AMF
34eb28ce68c1106b2bac_x96_y51_476_131_502_150.png,NMF
34eb28ce68c1106b2bac_x97_y35_5_299_30_324.png,AMF
34eb28ce68c1106b2bac_x97_y35_5_299_30_324.png,AMF
34eb28ce68c1106b2bac_x98_y52_490_304_518_331.png,AMF
39ecf7f94ed96824405d_x104_y123_466_57_499_84.png,AMF
39ecf7f94ed96824405d_x104_y30_319_351_341_377.png,AMF
39ecf7f94ed96824405d_x104_y52_242_284_268_311.png,AMF
39ecf7f94ed96824405d_x107_y123_541_407_566_433.png,AMF
39ecf7f94ed96824405d_x108_y60_250_520_277_547.png,AMF
39ecf7f94ed96824405d_x110_y122_301_278_338_312.png,NMF
39ecf7f94ed96824405d_x116_y57_194_294_224_319.png,AMF
39ecf7f94ed96824405d_x118_y92_523_615_549_640.png,NMF
39ecf7f94ed96824405d_x119_y94_359_540_388_583.png,AMF
39ecf7f94ed96824405d_x120_y96_461_118_484_143.png,NMF
39ecf7f94ed96824405d_x122_y78_219_155_243_183.png,AMF
39ecf7f94ed96824405d_x124_y79_594_14_625_40.png,AMF
39ecf7f94ed96824405d_x139_y58_226_232_267_261.png,AMF
39ecf7f94ed96824405d_x19_y106_241_469_265_509.png,AMF
39ecf7f94ed96824405d_x21_y118_128_185_158_208.png,NMF
39ecf7f94ed96824405d_x23_y109_410_405_437_433.png,NMF
39ecf7f94ed96824405d_x25_y105_414_10_451_48.png,NMF
39ecf7f94ed96824405d_x26_y53_169_350_193_373.png,AMF
39ecf7f94ed96824405d_x27_y113_516_138_541_164.png,AMF
39ecf7f94ed96824405d_x27_y114_535_60_561_83.png,AMF
39ecf7f94ed96824405d_x28_y124_238_196_266_222.png,AMF
39ecf7f94ed96824405d_x29_y126_147_89_171_111.png,NMF
39ecf7f94ed96824405d_x31_y104_544_563_573_589.png,AMF
39ecf7f94ed96824405d_x31_y108_573_594_598_616.png,AMF
39ecf7f94ed96824405d_x31_y95_499_599_527_630.png,AMF
39ecf7f94ed96824405d_x32_y120_23_81_47_104.png,AMF
39ecf7f94ed96824405d_x33_y87_393_163_418_184.png,AMF
39ecf7f94ed96824405d_x34_y91_506_302_536_324.png,AMF
39ecf7f94ed96824405d_x35_y44_326_561_354_595.png,AMF
39ecf7f94ed96824405d_x36_y105_462_12_487_40.png,AMF
39ecf7f94ed96824405d_x37_y115_562_342_591_373.png,AMF
39ecf7f94ed96824405d_x39_y114_261_126_299_165.png,AMF
39ecf7f94ed96824405d_x39_y73_542_71_573_94.png,AMF
39ecf7f94ed96824405d_x40_y50_580_128_609_152.png,AMF
39ecf7f94ed96824405d_x40_y89_126_414_157_446.png,AMF
39ecf7f94ed96824405d_x41_y91_255_580_281_606.png,AMF
39ecf7f94ed96824405d_x42_y66_238_527_261_555.png,AMF
39ecf7f94ed96824405d_x43_y54_454_216_494_243.png,AMF
39ecf7f94ed96824405d_x43_y98_190_115_215_142.png,AMF
39ecf7f94ed96824405d_x44_y123_36_542_60_568.png,AMF
39ecf7f94ed96824405d_x44_y74_528_414_562_446.png,AMF
39ecf7f94ed96824405d_x45_y52_185_93_216_121.png,AMF
39ecf7f94ed96824405d_x45_y66_280_208_301_233.png,AMF
39ecf7f94ed96824405d_x48_y85_582_562_611_579.png,NMF
39ecf7f94ed96824405d_x50_y50_382_411_407_443.png,NMF
39ecf7f94ed96824405d_x51_y74_564_400_590_427.png,NMF
39ecf7f94ed96824405d_x54_y50_18_10_49_37.png,AMF
39ecf7f94ed96824405d_x55_y80_486_610_510_637.png,AMF
39ecf7f94ed96824405d_x57_y62_616_449_640_479.png,NMF
39ecf7f94ed96824405d_x61_y68_152_113_177_138.png,NMF
39ecf7f94ed96824405d_x64_y44_430_578_461_607.png,AMF
39ecf7f94ed96824405d_x65_y68_420_575_446_601.png,NMF
39ecf7f94ed96824405d_x70_y43_354_404_380_431.png,NMF
39ecf7f94ed96824405d_x73_y41_386_519_410_550.png,AMF
39ecf7f94ed96824405d_x74_y52_469_446_497_474.png,NMF
39ecf7f94ed96824405d_x74_y52_476_525_505_553.png,AMF
39ecf7f94ed96824405d_x80_y51_52_295_85_328.png,AMF
39ecf7f94ed96824405d_x81_y43_245_19_285_47.png,AMF
39ecf7f94ed96824405d_x82_y139_13_554_41_577.png,NMF
39ecf7f94ed96824405d_x86_y46_141_473_166_498.png,NMF
39ecf7f94ed96824405d_x89_y38_425_399_465_434.png,AMF
39ecf7f94ed96824405d_x92_y61_142_579_173_612.png,AMF
39ecf7f94ed96824405d_x96_y51_146_365_172_397.png,AMF
3f2e034c75840cb901e6_x120_y48_190_512_239_559.png,AMF
3f2e034c75840cb901e6_x36_y83_339_64_373_91.png,AMF
3f2e034c75840cb901e6_x52_y83_433_537_463_564.png,AMF
3f2e034c75840cb901e6_x58_y105_78_86_117_115.png,AMF
3f2e034c75840cb901e6_x60_y108_496_39_521_60.png,NMF
3f2e034c75840cb901e6_x64_y114_568_242_601_266.png,NMF
3f2e034c75840cb901e6_x94_y34_228_103_259_135.png,NMF
43a_112516_x91_y83_472_45_507_75.png,AMF
44a_112335_x109_y54_296_18_327_45.png,AMF
460906c0b1fe17ea5354_x111_y65_52_401_86_432.png,AMF
460906c0b1fe17ea5354_x125_y60_411_69_437_97.png,AMF
460906c0b1fe17ea5354_x133_y72_253_114_280_141.png,AMF
460906c0b1fe17ea5354_x134_y72_399_301_438_338.png,NMF
460906c0b1fe17ea5354_x143_y58_145_103_187_147.png,NMF
460906c0b1fe17ea5354_x145_y68_161_242_190_281.png,NMF
460906c0b1fe17ea5354_x151_y68_254_578_284_608.png,AMF
460906c0b1fe17ea5354_x151_y68_281_441_306_465.png,AMF
460906c0b1fe17ea5354_x152_y29_525_126_562_180.png,NMF
460906c0b1fe17ea5354_x153_y29_567_381_597_418.png,NMF
460906c0b1fe17ea5354_x157_y8_485_285_517_317.png,AMF
460906c0b1fe17ea5354_x161_y17_437_441_459_468.png,AMF
460906c0b1fe17ea5354_x161_y18_589_58_621_102.png,AMF
460906c0b1fe17ea5354_x164_y11_118_370_150_400.png,AMF
460906c0b1fe17ea5354_x164_y19_499_283_530_316.png,AMF
460906c0b1fe17ea5354_x165_y19_285_50_309_80.png,AMF
460906c0b1fe17ea5354_x17_y32_529_175_547_205.png,NMF
460906c0b1fe17ea5354_x24_y28_237_171_261_194.png,AMF
460906c0b1fe17ea5354_x41_y47_418_398_443_423.png,AMF
460906c0b1fe17ea5354_x66_y36_247_359_281_393.png,AMF
460906c0b1fe17ea5354_x68_y55_554_344_589_389.png,AMF
460906c0b1fe17ea5354_x82_y18_191_279_223_309.png,AMF
460906c0b1fe17ea5354_x98_y60_69_68_102_108.png,AMF
484822_x117_y108_20_201_122_310.png,AMF
484936_x73_y72_501_574_524_604.png,AMF
485045_x0_y34_427_305_452_325.png,NMF
485045_x159_y15_240_501_313_573.png,AMF
485045_x68_y34_373_389_409_423.png,NMF
485065_x141_y101_266_453_324_503.png,NMF
485099_x17_y119_254_194_483_364.png,AMF
485099_x53_y80_441_38_558_148.png,AMF
485137_x57_y104_187_134_257_200.png,AMF
485255_x58_y43_411_302_459_349.png,NMF
485255_x98_y68_281_149_336_203.png,AMF
485316_x79_y82_262_40_286_63.png,AMF
492039_x107_y31_234_153_269_192.png,AMF
493437_x89_y35_334_266_371_302.png,AMF
4a_030122_x21_y41_57_574_105_627.png,AMF
4a_030122_x27_y40_304_112_348_155.png,AMF
4a_030122_x30_y51_163_97_212_139.png,AMF
4a_030122_x33_y50_563_231_605_284.png,AMF
4a_030122_x34_y51_301_465_328_496.png,AMF
4a_030122_x36_y30_86_213_130_247.png,AMF
4a_030122_x38_y25_479_514_516_554.png,AMF
4a_030122_x41_y39_212_249_266_296.png,AMF
4a_030122_x43_y40_215_96_252_129.png,AMF
4a_030122_x44_y49_134_479_163_514.png,AMF
4a_030122_x45_y34_301_154_343_189.png,AMF
4a_030122_x47_y39_101_463_131_488.png,AMF
4a_030122_x50_y23_84_288_128_333.png,AMF
4a_030122_x50_y44_150_303_212_345.png,AMF
4a_030122_x56_y42_180_5_229_52.png,AMF
4a_030122_x69_y41_558_356_615_405.png,AMF
4a_030122_x70_y43_212_148_254_188.png,AMF
4a_151121_x51_y57_357_361_466_460.png,AMF
4a_151121_x52_y5_261_85_322_140.png,AMF
4a_151121_x60_y12_317_282_375_334.png,AMF
4a_151121_x61_y36_243_506_320_579.png,AMF
4a_151121_x72_y41_99_511_240_639.png,AMF
4a_151121_x75_y67_338_364_370_396.png,AMF
4a_151121_x78_y70_37_154_78_209.png,AMF
4a_151121_x80_y41_200_414_276_517.png,AMF
4a_151121_x82_y73_123_203_223_299.png,AMF
4a_151121_x85_y43_514_216_550_240.png,AMF
4a_151121_x85_y73_500_383_530_409.png,AMF
4a_151121_x86_y72_103_537_140_577.png,AMF
4a_151121_x89_y77_184_358_221_398.png,AMF
4a_210222_x16_y49_269_563_300_601.png,AMF
4a_210222_x16_y52_327_476_360_520.png,AMF
4a_210222_x16_y54_368_245_411_287.png,AMF
4a_210222_x18_y57_329_114_361_151.png,AMF
4a_210222_x20_y55_491_297_514_327.png,AMF
4a_210222_x23_y46_579_339_607_371.png,AMF
4a_210222_x30_y57_372_299_420_339.png,AMF
4a_210222_x32_y62_356_497_404_526.png,AMF
4a_210222_x34_y67_559_70_601_102.png,AMF
4a_210222_x36_y37_236_114_268_143.png,AMF
4a_210222_x36_y38_464_153_498_197.png,AMF
4a_210222_x37_y70_412_421_432_445.png,AMF
4a_210222_x39_y23_473_119_500_147.png,AMF
4a_210222_x39_y28_11_269_47_294.png,AMF
4a_210222_x43_y68_258_331_292_366.png,NMF
4a_210222_x44_y70_437_100_471_131.png,AMF
4a_210222_x44_y71_331_518_381_567.png,AMF
4a_210222_x45_y62_502_348_562_408.png,AMF
4a_210222_x48_y67_172_607_207_640.png,AMF
4a_210222_x51_y32_273_173_332_236.png,AMF
4a_210222_x52_y68_294_368_338_405.png,AMF
4a_210222_x55_y40_533_177_580_204.png,AMF
4a_210222_x55_y54_281_330_312_372.png,AMF
4a_210222_x55_y57_518_487_573_528.png,AMF
4a_210222_x56_y36_382_227_410_271.png,AMF
4a_210222_x57_y27_122_379_145_418.png,AMF
4a_210222_x57_y30_561_395_605_434.png,AMF
4a_210222_x57_y43_391_543_432_587.png,AMF
4a_210222_x60_y42_581_224_620_259.png,AMF
4a_210222_x61_y36_353_84_388_139.png,NMF
4a_210222_x61_y83_106_44_142_70.png,AMF
4a_210222_x62_y40_480_598_511_633.png,AMF
4a_210222_x62_y61_597_193_624_244.png,AMF
4a_210222_x66_y29_237_18_273_46.png,AMF
4a_210222_x68_y54_308_192_341_218.png,AMF
4a_210222_x70_y72_213_599_237_626.png,AMF
4a_210222_x71_y34_0_228_23_270.png,AMF
4a_210222_x71_y35_529_151_557_207.png,AMF
4a_210222_x72_y72_295_83_327_118.png,NMF
4a_210222_x73_y21_607_156_640_208.png,AMF
4a_210222_x73_y33_449_132_508_182.png,AMF
4a_210222_x73_y79_288_279_326_315.png,AMF
4a_210222_x74_y22_58_210_91_243.png,AMF
4a_210222_x75_y76_457_344_490_376.png,AMF
4a_210222_x78_y71_350_70_412_114.png,AMF
4a_210222_x79_y20_433_109_465_148.png,AMF
4a_210222_x80_y62_14_580_52_610.png,AMF
4a_210222_x86_y28_141_252_192_289.png,AMF
4a_210222_x95_y40_574_304_626_349.png,AMF
4a_210222_x95_y55_47_125_99_160.png,AMF
4a_210222_x97_y32_471_268_511_305.png,AMF
4eee7b944ad5e46c60ce_x35_y56_382_582_403_622.png,AMF
50cf88e9a33df0c0c8f9_x102_y75_534_572_562_600.png,AMF
50cf88e9a33df0c0c8f9_x102_y91_193_350_219_378.png,AMF
50cf88e9a33df0c0c8f9_x103_y49_258_294_282_329.png,AMF
50cf88e9a33df0c0c8f9_x110_y41_84_544_121_580.png,AMF
50cf88e9a33df0c0c8f9_x110_y75_429_89_460_109.png,AMF
50cf88e9a33df0c0c8f9_x113_y61_404_322_428_344.png,NMF
50cf88e9a33df0c0c8f9_x115_y116_477_449_503_479.png,AMF
50cf88e9a33df0c0c8f9_x116_y117_585_497_618_538.png,NMF
50cf88e9a33df0c0c8f9_x117_y36_174_75_199_108.png,AMF
50cf88e9a33df0c0c8f9_x118_y70_497_228_530_254.png,AMF
50cf88e9a33df0c0c8f9_x118_y74_602_17_639_40.png,NMF
50cf88e9a33df0c0c8f9_x120_y37_412_597_438_633.png,AMF
50cf88e9a33df0c0c8f9_x124_y75_432_508_463_537.png,AMF
50cf88e9a33df0c0c8f9_x124_y77_228_147_247_169.png,AMF
50cf88e9a33df0c0c8f9_x124_y88_241_427_265_446.png,AMF
50cf88e9a33df0c0c8f9_x125_y62_403_206_431_239.png,AMF
50cf88e9a33df0c0c8f9_x125_y62_403_206_431_239.png,AMF
50cf88e9a33df0c0c8f9_x125_y86_624_44_640_63.png,NMF
50cf88e9a33df0c0c8f9_x126_y84_535_260_573_291.png,AMF
50cf88e9a33df0c0c8f9_x127_y55_565_587_599_612.png,AMF
50cf88e9a33df0c0c8f9_x128_y62_377_140_402_174.png,AMF
50cf88e9a33df0c0c8f9_x129_y45_149_372_181_399.png,AMF
50cf88e9a33df0c0c8f9_x133_y45_73_358_110_389.png,NMF
50cf88e9a33df0c0c8f9_x134_y39_35_371_57_401.png,AMF
50cf88e9a33df0c0c8f9_x135_y79_380_379_407_399.png,AMF
50cf88e9a33df0c0c8f9_x138_y74_80_465_113_500.png,NMF
50cf88e9a33df0c0c8f9_x144_y63_615_427_639_457.png,AMF
50cf88e9a33df0c0c8f9_x145_y74_420_591_442_620.png,AMF
50cf88e9a33df0c0c8f9_x146_y67_173_291_202_319.png,NMF
50cf88e9a33df0c0c8f9_x147_y76_402_543_430_568.png,NMF
50cf88e9a33df0c0c8f9_x157_y76_50_363_83_402.png,NMF
50cf88e9a33df0c0c8f9_x171_y51_238_198_266_223.png,AMF
50cf88e9a33df0c0c8f9_x173_y30_440_98_468_127.png,AMF
50cf88e9a33df0c0c8f9_x174_y53_225_144_258_161.png,NMF
50cf88e9a33df0c0c8f9_x177_y76_135_474_159_514.png,AMF
50cf88e9a33df0c0c8f9_x182_y65_513_159_538_187.png,AMF
50cf88e9a33df0c0c8f9_x67_y48_344_26_375_52.png,AMF
50cf88e9a33df0c0c8f9_x70_y24_162_363_191_403.png,NMF
50cf88e9a33df0c0c8f9_x74_y35_436_581_460_614.png,AMF
50cf88e9a33df0c0c8f9_x78_y65_250_552_271_578.png,NMF
50cf88e9a33df0c0c8f9_x80_y65_363_476_395_515.png,AMF
50cf88e9a33df0c0c8f9_x83_y50_604_548_630_573.png,NMF
50cf88e9a33df0c0c8f9_x84_y63_439_238_460_265.png,AMF
50cf88e9a33df0c0c8f9_x89_y61_522_431_547_458.png,AMF
50cf88e9a33df0c0c8f9_x90_y110_435_243_469_279.png,AMF
50cf88e9a33df0c0c8f9_x91_y76_370_469_402_495.png,AMF
50cf88e9a33df0c0c8f9_x92_y77_470_191_500_221.png,NMF
50cf88e9a33df0c0c8f9_x96_y112_202_588_235_633.png,AMF
51a_040622_x119_y32_350_355_379_385.png,NMF
51a_040622_x119_y32_384_186_414_212.png,AMF
51a_040622_x120_y44_469_225_502_254.png,AMF
51a_040622_x133_y68_174_19_208_51.png,AMF
51a_040622_x134_y21_395_465_432_497.png,NMF
51a_040622_x134_y22_216_304_250_348.png,AMF
51a_040622_x135_y21_454_562_493_591.png,AMF
51a_040622_x143_y50_422_92_456_131.png,AMF
51a_040622_x148_y99_133_424_188_475.png,AMF
51a_040622_x150_y53_140_402_180_440.png,AMF
51a_040622_x154_y106_500_290_556_338.png,AMF
51a_040622_x155_y44_324_199_357_229.png,AMF
51a_040622_x157_y108_259_499_296_523.png,AMF
51a_040622_x157_y37_298_490_328_524.png,NMF
51a_040622_x158_y38_420_417_462_443.png,AMF
51a_040622_x159_y109_481_72_507_107.png,NMF
51a_040622_x160_y107_460_177_515_236.png,AMF
51a_040622_x161_y32_407_450_453_496.png,AMF
51a_040622_x162_y27_128_352_159_386.png,AMF
51a_040622_x166_y29_186_147_213_176.png,AMF
51a_040622_x171_y52_240_201_276_237.png,AMF
51a_040622_x171_y57_101_1_131_30.png,NMF
51a_040622_x177_y59_436_161_468_195.png,AMF
51a_040622_x177_y60_189_238_232_274.png,AMF
51a_040622_x177_y62_313_146_355_190.png,AMF
51a_040622_x177_y62_6_145_44_172.png,AMF
51a_040622_x178_y59_438_344_463_370.png,AMF
51a_040622_x178_y59_604_337_633_375.png,AMF
51a_040622_x182_y54_229_286_247_322.png,AMF
51a_040622_x183_y55_202_159_224_186.png,AMF
51a_040622_x185_y76_283_332_316_364.png,AMF
51a_040622_x186_y72_386_350_410_396.png,AMF
51a_040622_x186_y74_100_220_134_270.png,AMF
51a_040622_x188_y68_358_189_394_232.png,AMF
51a_040622_x188_y73_124_172_172_208.png,AMF
51a_040622_x189_y70_167_267_191_294.png,AMF
51a_040622_x189_y73_367_59_396_105.png,AMF
51a_040622_x189_y75_117_476_158_500.png,AMF
51a_040622_x212_y108_398_550_445_580.png,AMF
51a_040622_x213_y108_496_347_541_378.png,AMF
51a_040622_x26_y46_295_456_319_477.png,NMF
51a_040622_x50_y109_583_113_613_142.png,NMF
51a_040622_x52_y46_576_40_618_77.png,AMF
51a_040622_x52_y68_329_140_355_170.png,AMF
51a_040622_x55_y115_477_196_508_231.png,AMF
51a_040622_x55_y40_362_199_406_238.png,AMF
51a_040622_x56_y114_49_503_87_525.png,AMF
51a_040622_x56_y115_208_341_253_371.png,AMF
51a_040622_x56_y40_474_416_516_449.png,AMF
51a_040622_x56_y42_56_251_89_281.png,AMF
51a_040622_x57_y115_537_477_566_508.png,AMF
51a_040622_x57_y53_594_430_627_469.png,AMF
51a_040622_x58_y115_136_346_166_378.png,AMF
51a_040622_x58_y34_133_531_169_568.png,AMF
51a_040622_x58_y34_527_191_561_216.png,AMF
51a_040622_x59_y33_151_537_181_571.png,AMF
51a_040622_x59_y33_87_603_123_640.png,AMF
51a_040622_x60_y32_390_244_422_284.png,AMF
51a_040622_x60_y69_586_346_617_386.png,NMF
51a_040622_x67_y58_244_355_289_390.png,AMF
51a_040622_x73_y74_399_154_435_201.png,AMF
51a_040622_x74_y65_324_415_376_442.png,AMF
51a_040622_x74_y65_84_376_119_403.png,AMF
51a_040622_x74_y74_377_141_413_170.png,AMF
51a_040622_x75_y61_121_427_150_460.png,AMF
51a_040622_x75_y65_261_341_299_379.png,AMF
51a_040622_x79_y60_202_105_239_133.png,AMF
51a_040622_x82_y95_378_222_402_253.png,AMF
51a_040622_x83_y86_608_8_639_53.png,AMF
51a_040622_x84_y78_591_468_622_518.png,AMF
51a_040622_x85_y78_183_121_219_154.png,AMF
51a_040622_x87_y73_417_54_448_82.png,AMF
51a_040622_x88_y79_142_169_195_227.png,AMF
51a_040622_x88_y79_307_521_342_560.png,AMF
51a_040622_x92_y73_467_366_497_396.png,AMF
54a_040622_x38_y60_187_28_208_56.png,AMF
58a_040622_x108_y57_368_463_393_491.png,NMF
58a_040622_x52_y53_609_113_633_137.png,NMF
58a_040622_x56_y36_370_507_408_544.png,AMF
60a_040622_x121_y64_0_72_33_97.png,AMF
60a_040622_x98_y61_575_116_610_148.png,AMF
62a_040622_x142_y37_11_0_38_31.png,NMF
63a_040622_x43_y65_453_396_481_434.png,AMF
64a_040622_x63_y26_147_280_275_418.png,AMF
64a_040622_x66_y22_158_75_205_93.png,AMF
65a_040622_x123_y67_551_72_581_108.png,AMF
65a_040622_x127_y53_174_218_205_248.png,AMF
65a_040622_x127_y57_513_463_554_508.png,AMF
65a_040622_x128_y54_184_413_220_451.png,AMF
65a_040622_x41_y43_8_55_46_82.png,AMF
65a_040622_x88_y29_191_211_224_242.png,AMF
65a_040622_x93_y25_60_607_90_639.png,AMF
67a_040622_x181_y38_283_454_355_529.png,AMF
67a_040622_x185_y47_549_93_585_120.png,AMF
67a_040622_x187_y15_487_260_554_329.png,AMF
69a_040622_x36_y61_318_502_369_545.png,AMF
69a_040622_x62_y28_4_586_34_628.png,AMF
69a_040622_x75_y79_366_5_414_47.png,AMF
69a_040622_x75_y79_366_5_414_47.png,AMF
6a_030122_x26_y21_430_297_456_333.png,AMF
6a_101221_x59_y57_581_119_609_150.png,AMF
6a_210222_x39_y23_371_79_404_127.png,AMF
6a_210222_x49_y69_431_424_474_458.png,AMF
6a_210222_x53_y76_522_528_556_557.png,AMF
70a_040622_x70_y42_72_15_97_47.png,NMF
70a_040622_x76_y30_512_238_536_258.png,AMF
70a_040622_x76_y33_0_335_16_371.png,AMF
70ed18cd5f806cf396f0_x85_y58_424_22_446_46.png,AMF
72c93e042d0171a61012_x134_y13_93_130_122_158.png,AMF
72c93e042d0171a61012_x144_y19_131_518_155_548.png,AMF
72c93e042d0171a61012_x92_y36_123_107_154_137.png,AMF
8bebdd1f04140ed89426_x115_y48_527_175_555_204.png,NMF
8bebdd1f04140ed89426_x118_y63_530_256_556_281.png,NMF
8bebdd1f04140ed89426_x65_y40_110_483_143_515.png,AMF
8bebdd1f04140ed89426_x68_y19_111_314_135_336.png,NMF
8bebdd1f04140ed89426_x71_y79_135_250_167_276.png,NMF
8bebdd1f04140ed89426_x90_y33_481_321_506_350.png,AMF
96274538c93980aad8d6_x111_y48_571_114_603_151.png,NMF
96274538c93980aad8d6_x115_y104_349_445_381_480.png,NMF
96274538c93980aad8d6_x115_y47_459_271_485_300.png,AMF
96274538c93980aad8d6_x119_y115_393_9_428_45.png,AMF
96274538c93980aad8d6_x119_y17_373_34_408_73.png,NMF
96274538c93980aad8d6_x121_y43_220_46_255_80.png,NMF
96274538c93980aad8d6_x123_y57_87_4_124_37.png,NMF
96274538c93980aad8d6_x124_y86_128_44_156_73.png,AMF
96274538c93980aad8d6_x126_y50_257_338_295_373.png,AMF
96274538c93980aad8d6_x69_y50_404_289_451_332.png,AMF
96274538c93980aad8d6_x73_y64_221_315_250_346.png,AMF
96274538c93980aad8d6_x77_y94_571_51_603_93.png,NMF
96274538c93980aad8d6_x83_y40_449_411_480_447.png,NMF
96274538c93980aad8d6_x83_y65_113_343_143_379.png,AMF
96274538c93980aad8d6_x85_y71_108_269_143_307.png,AMF
96274538c93980aad8d6_x87_y31_300_236_324_263.png,NMF
96274538c93980aad8d6_x96_y18_244_319_267_342.png,NMF
A00_05_x1_y2_427_457_460_501.png,AMF
A01_04_x1_y2_98_385_131_422.png,AMF
A01_05_x2_y0_106_103_145_135.png,AMF
A01_07_x2_y1_503_391_544_435.png,AMF
A01_09_x3_y2_37_313_87_350.png,AMF
A03_00_x2_y2_431_486_457_514.png,AMF
A03_08_x3_y0_470_472_497_505.png,AMF
H01_00_x0_y0_24_223_123_338.png,NMF
H01_02_x1_y1_336_226_386_284.png,AMF
H01_03_x2_y2_219_83_254_118.png,AMF
H01_04_x2_y3_380_570_436_605.png,AMF
H01_06_x2_y2_174_461_287_552.png,AMF
H03_09_x2_y3_117_377_146_413.png,AMF
H04_05_x1_y2_331_65_384_111.png,AMF
H04_06_x1_y0_337_60_407_135.png,AMF
HyReCo108_x101_y231_499_172_541_215.png,AMF
HyReCo108_x20_y150_323_496_367_541.png,AMF
HyReCo108_x23_y159_296_56_332_92.png,AMF
HyReCo108_x24_y150_493_525_525_550.png,AMF
HyReCo108_x24_y174_25_333_62_371.png,AMF
HyReCo108_x25_y95_389_462_409_501.png,AMF
HyReCo108_x26_y96_282_596_317_630.png,AMF
HyReCo108_x27_y95_92_284_132_332.png,AMF
HyReCo108_x31_y118_152_323_183_349.png,AMF
HyReCo108_x31_y128_379_509_421_539.png,AMF
HyReCo108_x37_y129_474_521_508_563.png,AMF
HyReCo108_x37_y148_373_105_399_133.png,AMF
HyReCo108_x84_y207_261_384_294_426.png,AMF
HyReCo108_x85_y230_402_478_438_507.png,AMF
HyReCo108_x94_y232_110_576_136_601.png,AMF
HyReCo108_x96_y230_447_72_478_114.png,AMF
HyReCo147_x52_y209_209_517_253_556.png,AMF
HyReCo147_x82_y240_101_469_174_533.png,AMF
HyReCo208_x103_y262_459_99_492_138.png,AMF
HyReCo208_x121_y260_59_523_97_559.png,AMF
HyReCo208_x127_y167_6_456_41_487.png,AMF
HyReCo208_x129_y167_514_376_545_415.png,NMF
HyReCo208_x144_y229_40_472_78_502.png,AMF
HyReCo208_x81_y175_180_261_249_347.png,AMF
HyReCo208_x83_y175_494_291_531_333.png,AMF
HyReCo208_x96_y175_279_518_329_558.png,AMF
HyReCo241_x142_y133_528_586_569_631.png,AMF
HyReCo241_x76_y240_65_14_100_43.png,NMF
HyReCo241_x99_y135_553_213_583_244.png,AMF
HyReCo244_x62_y201_364_0_408_30.png,AMF
HyReCo245_x52_y180_609_456_636_479.png,AMF
HyReCo245_x58_y197_447_500_483_549.png,AMF
HyReCo245_x63_y213_280_497_309_533.png,NMF
HyReCo245_x64_y195_146_1_184_29.png,AMF
HyReCo264_x46_y145_607_74_640_108.png,AMF
HyReCo272_x12_y174_576_572_624_610.png,NMF
HyReCo272_x18_y186_164_382_210_425.png,AMF
HyReCo272_x24_y192_18_592_61_628.png,AMF
HyReCo272_x72_y273_233_260_267_291.png,AMF
HyReCo281_x24_y126_127_320_163_355.png,AMF
HyReCo281_x54_y224_546_74_569_106.png,AMF
HyReCo296_x42_y193_76_405_109_442.png,AMF
HyReCo296_x42_y197_466_533_511_559.png,AMF
HyReCo296_x44_y179_448_244_479_269.png,AMF
HyReCo296_x44_y218_230_387_260_415.png,AMF
HyReCo296_x47_y176_588_507_632_544.png,AMF
HyReCo296_x48_y171_113_364_147_389.png,AMF
HyReCo296_x52_y196_441_299_481_325.png,AMF
HyReCo296_x55_y153_202_140_242_171.png,AMF
HyReCo296_x55_y155_460_68_490_102.png,AMF
HyReCo296_x58_y153_465_141_493_177.png,AMF
HyReCo296_x58_y157_176_342_213_385.png,AMF
HyReCo296_x59_y150_317_457_357_487.png,AMF
HyReCo296_x59_y177_192_298_218_334.png,AMF
HyReCo296_x99_y141_251_496_288_529.png,AMF
HyReCo29_x22_y181_575_533_599_564.png,AMF
HyReCo29_x58_y116_393_142_443_181.png,NMF
HyReCo313_x11_y163_64_602_97_634.png,AMF
HyReCo313_x19_y188_605_380_639_417.png,AMF
HyReCo313_x23_y175_157_85_192_114.png,AMF
HyReCo313_x28_y200_613_49_639_90.png,AMF
HyReCo313_x31_y195_174_270_211_311.png,AMF
HyReCo313_x32_y180_103_458_136_501.png,AMF
HyReCo313_x33_y159_450_599_486_623.png,AMF
HyReCo313_x34_y161_344_582_381_606.png,AMF
HyReCo313_x34_y163_576_3_613_46.png,AMF
HyReCo313_x39_y199_78_374_109_425.png,AMF
HyReCo313_x42_y196_578_316_619_354.png,AMF
HyReCo313_x42_y213_103_20_141_61.png,AMF
HyReCo313_x44_y204_201_299_238_337.png,AMF
HyReCo313_x44_y209_194_114_230_139.png,AMF
HyReCo313_x50_y204_71_361_109_401.png,AMF
HyReCo313_x50_y205_600_249_634_295.png,AMF
HyReCo313_x56_y193_198_590_243_620.png,AMF
HyReCo313_x58_y186_102_118_141_158.png,AMF
HyReCo313_x62_y196_382_269_473_363.png,AMF
HyReCo31_x56_y176_537_233_566_271.png,AMF
HyReCo320_x57_y231_444_492_490_520.png,AMF
HyReCo343_x29_y235_208_449_236_481.png,AMF
HyReCo343_x32_y233_550_282_574_317.png,AMF
HyReCo343_x34_y236_518_482_550_508.png,AMF
HyReCo343_x35_y245_529_596_567_630.png,AMF
HyReCo343_x36_y235_69_123_106_156.png,AMF
HyReCo343_x41_y219_344_277_388_310.png,AMF
HyReCo343_x41_y220_91_562_124_590.png,AMF
HyReCo343_x42_y217_538_294_563_329.png,AMF
HyReCo343_x43_y192_496_359_535_387.png,AMF
HyReCo343_x43_y210_236_531_258_553.png,NMF
HyReCo343_x76_y152_364_266_394_301.png,AMF
HyReCo359_x100_y135_611_321_633_345.png,AMF
HyReCo359_x88_y182_255_538_295_577.png,AMF
HyReCo359_x96_y145_36_89_76_117.png,AMF
HyReCo359_x97_y129_166_106_201_143.png,AMF
HyReCo359_x97_y132_494_357_535_391.png,AMF
HyReCo385_x66_y241_6_386_35_418.png,NMF
HyReCo385_x82_y171_299_171_340_211.png,AMF
HyReCo399_x25_y163_24_460_52_501.png,AMF
HyReCo399_x28_y192_26_611_56_633.png,AMF
HyReCo399_x32_y179_83_352_116_385.png,NMF
HyReCo399_x32_y179_83_352_116_385.png,NMF
HyReCo399_x46_y202_522_50_548_74.png,AMF
HyReCo399_x63_y228_501_443_540_476.png,AMF
HyReCo399_x76_y219_121_150_151_170.png,AMF
HyReCo399_x83_y112_62_77_105_126.png,AMF
HyReCo400_x25_y231_297_247_327_282.png,AMF
HyReCo400_x50_y168_138_23_171_60.png,NMF
HyReCo400_x67_y243_521_214_561_252.png,AMF
HyReCo400_x76_y160_449_581_480_617.png,AMF
HyReCo400_x79_y227_247_506_284_537.png,AMF
HyReCo400_x82_y208_104_11_150_61.png,AMF
HyReCo405_x26_y170_263_602_304_638.png,AMF
HyReCo405_x36_y175_614_114_639_157.png,AMF
HyReCo405_x37_y171_266_500_285_530.png,AMF
HyReCo405_x40_y180_303_353_332_387.png,AMF
HyReCo405_x46_y184_223_595_258_631.png,AMF
HyReCo405_x48_y180_567_466_603_518.png,AMF
HyReCo405_x58_y171_13_266_49_298.png,AMF
HyReCo405_x63_y181_211_290_234_331.png,AMF
HyReCo405_x69_y193_443_83_471_123.png,AMF
HyReCo405_x70_y196_156_0_187_20.png,AMF
HyReCo449_x105_y111_284_40_318_69.png,NMF
HyReCo449_x114_y123_146_4_185_32.png,AMF
HyReCo449_x83_y200_0_64_24_102.png,AMF
HyReCo457_x40_y201_137_139_158_164.png,AMF
HyReCo457_x43_y182_263_473_310_505.png,AMF
HyReCo457_x44_y204_380_395_417_439.png,AMF
HyReCo457_x45_y176_430_0_454_31.png,AMF
HyReCo457_x47_y175_388_129_431_169.png,AMF
HyReCo457_x48_y172_142_278_177_310.png,AMF
HyReCo457_x49_y189_0_249_42_287.png,AMF
HyReCo457_x52_y165_433_232_478_265.png,AMF
HyReCo457_x56_y169_579_358_610_385.png,AMF
HyReCo457_x57_y162_447_184_478_216.png,AMF
HyReCo457_x57_y163_86_602_123_640.png,AMF
HyReCo457_x58_y170_455_612_484_634.png,AMF
HyReCo457_x59_y169_523_286_553_311.png,NMF
HyReCo457_x61_y160_159_309_184_340.png,AMF
HyReCo457_x62_y158_220_548_253_578.png,AMF
HyReCo457_x63_y175_584_511_622_542.png,AMF
HyReCo457_x64_y178_252_224_272_254.png,AMF
HyReCo457_x65_y193_160_450_208_468.png,AMF
HyReCo485_x24_y191_441_273_486_317.png,AMF
HyReCo504_x54_y94_437_52_486_107.png,AMF
HyReCo504_x70_y86_579_359_608_390.png,AMF
HyReCo504_x76_y99_9_1_47_36.png,AMF
HyReCo504_x80_y84_368_355_398_399.png,AMF
HyReCo504_x87_y126_416_380_457_408.png,NMF
HyReCo506_x56_y237_35_432_64_460.png,AMF
HyReCo506_x58_y213_9_473_47_501.png,AMF
HyReCo506_x77_y106_0_92_39_116.png,AMF
HyReCo506_x81_y140_218_275_252_312.png,AMF
HyReCo506_x82_y140_134_386_180_422.png,AMF
HyReCo506_x92_y130_588_13_628_57.png,AMF
HyReCo529_x104_y133_109_437_152_468.png,AMF
HyReCo529_x104_y140_498_100_527_131.png,AMF
HyReCo529_x104_y153_476_162_509_199.png,AMF
HyReCo529_x85_y140_578_79_612_117.png,AMF
HyReCo533_x91_y191_393_150_443_196.png,AMF
HyReCo541_x74_y243_101_532_133_558.png,NMF
HyReCo541_x77_y256_544_344_578_366.png,AMF
HyReCo611_x24_y219_176_560_208_596.png,AMF
HyReCo611_x28_y218_598_386_636_423.png,AMF
HyReCo611_x34_y222_47_381_73_413.png,NMF
HyReCo611_x48_y248_138_16_179_58.png,AMF
HyReCo628_x24_y210_271_364_308_409.png,AMF
HyReCo628_x87_y118_95_463_125_487.png,AMF
HyReCo644_x37_y221_539_423_583_447.png,AMF
HyReCo67_x114_y279_460_91_496_126.png,AMF
HyReCo67_x39_y243_580_519_621_560.png,AMF
HyReCo67_x39_y248_52_377_73_406.png,AMF
HyReCo67_x40_y253_471_228_507_261.png,AMF
HyReCo67_x64_y245_357_427_395_458.png,AMF
HyReCo705_x100_y254_459_180_492_206.png,AMF
HyReCo705_x106_y256_104_299_145_347.png,AMF
HyReCo705_x112_y233_86_183_105_217.png,AMF
HyReCo705_x5_y208_4_146_45_181.png,AMF
HyReCo705_x6_y160_565_599_603_639.png,AMF
HyReCo705_x79_y209_537_139_580_164.png,AMF
HyReCo705_x85_y222_424_410_459_450.png,AMF
HyReCo705_x93_y228_193_423_233_458.png,AMF
HyReCo705_x94_y246_69_299_87_329.png,AMF
HyReCo79_x37_y142_410_195_444_232.png,AMF
HyReCo79_x48_y206_568_527_613_563.png,AMF
HyReCo79_x50_y201_352_450_388_486.png,AMF
HyReCo82_x39_y201_264_479_297_509.png,AMF
a0c8b612fe0655eab3ce_x105_y39_376_267_412_299.png,AMF
a0c8b612fe0655eab3ce_x108_y39_432_429_466_462.png,AMF
a0c8b612fe0655eab3ce_x117_y96_597_544_631_583.png,NMF
a0c8b612fe0655eab3ce_x137_y102_312_543_341_575.png,NMF
a0c8b612fe0655eab3ce_x48_y119_13_373_46_407.png,NMF
a0c8b612fe0655eab3ce_x54_y118_464_422_494_454.png,AMF
a0c8b612fe0655eab3ce_x54_y90_620_234_640_263.png,AMF
a0c8b612fe0655eab3ce_x69_y111_552_22_587_59.png,NMF
a0c8b612fe0655eab3ce_x73_y21_577_570_602_602.png,AMF
a0c8b612fe0655eab3ce_x90_y62_397_515_429_544.png,AMF
add0a9bbc53d1d9bac4c_x10_y104_49_138_77_165.png,AMF
add0a9bbc53d1d9bac4c_x15_y65_340_458_367_485.png,NMF
add0a9bbc53d1d9bac4c_x15_y80_552_544_579_572.png,NMF
add0a9bbc53d1d9bac4c_x16_y104_92_251_116_271.png,AMF
add0a9bbc53d1d9bac4c_x16_y107_452_376_478_412.png,AMF
add0a9bbc53d1d9bac4c_x18_y49_335_301_374_336.png,AMF
add0a9bbc53d1d9bac4c_x19_y116_127_249_152_280.png,AMF
add0a9bbc53d1d9bac4c_x1_y70_614_534_639_569.png,NMF
add0a9bbc53d1d9bac4c_x21_y107_121_370_155_395.png,NMF
add0a9bbc53d1d9bac4c_x21_y99_79_82_112_122.png,NMF
add0a9bbc53d1d9bac4c_x23_y114_360_466_391_506.png,AMF
add0a9bbc53d1d9bac4c_x23_y38_31_173_61_199.png,NMF
add0a9bbc53d1d9bac4c_x23_y63_484_226_518_256.png,NMF
add0a9bbc53d1d9bac4c_x24_y113_435_101_472_147.png,AMF
add0a9bbc53d1d9bac4c_x24_y72_3_194_32_220.png,NMF
add0a9bbc53d1d9bac4c_x25_y112_200_546_223_569.png,AMF
add0a9bbc53d1d9bac4c_x25_y28_607_52_631_74.png,AMF
add0a9bbc53d1d9bac4c_x25_y42_426_547_465_587.png,NMF
add0a9bbc53d1d9bac4c_x28_y109_146_225_175_264.png,NMF
add0a9bbc53d1d9bac4c_x28_y116_531_372_555_397.png,NMF
add0a9bbc53d1d9bac4c_x28_y126_184_233_212_260.png,AMF
add0a9bbc53d1d9bac4c_x28_y40_211_279_243_312.png,AMF
add0a9bbc53d1d9bac4c_x28_y53_394_575_429_619.png,AMF
add0a9bbc53d1d9bac4c_x29_y102_321_433_345_457.png,AMF
add0a9bbc53d1d9bac4c_x29_y102_321_433_353_463.png,AMF
add0a9bbc53d1d9bac4c_x30_y108_93_76_128_100.png,NMF
add0a9bbc53d1d9bac4c_x35_y87_606_230_637_252.png,AMF
add0a9bbc53d1d9bac4c_x36_y108_285_120_318_159.png,AMF
add0a9bbc53d1d9bac4c_x36_y58_320_494_358_537.png,AMF
add0a9bbc53d1d9bac4c_x37_y131_550_425_572_450.png,NMF
add0a9bbc53d1d9bac4c_x41_y43_460_33_497_68.png,NMF
add0a9bbc53d1d9bac4c_x42_y61_275_114_308_137.png,NMF
add0a9bbc53d1d9bac4c_x43_y104_40_549_69_582.png,AMF
add0a9bbc53d1d9bac4c_x45_y98_221_352_247_385.png,AMF
add0a9bbc53d1d9bac4c_x47_y20_602_599_625_625.png,AMF
add0a9bbc53d1d9bac4c_x49_y55_0_415_36_453.png,NMF
add0a9bbc53d1d9bac4c_x52_y100_234_518_263_553.png,NMF
add0a9bbc53d1d9bac4c_x52_y85_379_395_413_426.png,AMF
add0a9bbc53d1d9bac4c_x55_y14_447_193_481_226.png,NMF
add0a9bbc53d1d9bac4c_x55_y68_328_562_352_587.png,AMF
add0a9bbc53d1d9bac4c_x56_y18_310_105_343_144.png,NMF
add0a9bbc53d1d9bac4c_x66_y90_131_119_167_153.png,AMF
add0a9bbc53d1d9bac4c_x68_y83_428_295_462_332.png,NMF
add0a9bbc53d1d9bac4c_x71_y127_539_403_576_440.png,AMF
add0a9bbc53d1d9bac4c_x72_y73_439_335_466_368.png,AMF
add0a9bbc53d1d9bac4c_x76_y82_67_9_104_50.png,NMF
add0a9bbc53d1d9bac4c_x82_y93_290_57_318_95.png,NMF
add0a9bbc53d1d9bac4c_x87_y69_468_349_503_384.png,AMF
add0a9bbc53d1d9bac4c_x88_y81_330_249_356_276.png,NMF
add0a9bbc53d1d9bac4c_x9_y108_471_429_498_456.png,AMF
b1bdee8e5e3372174619_x102_y56_467_454_497_481.png,AMF
b1bdee8e5e3372174619_x105_y64_425_511_453_536.png,AMF
b1bdee8e5e3372174619_x109_y67_17_610_39_637.png,AMF
b1bdee8e5e3372174619_x111_y85_407_523_434_551.png,NMF
b1bdee8e5e3372174619_x116_y61_110_402_134_431.png,NMF
b1bdee8e5e3372174619_x116_y74_149_120_172_145.png,AMF
b1bdee8e5e3372174619_x126_y95_225_227_249_257.png,AMF
b1bdee8e5e3372174619_x152_y93_75_494_102_519.png,AMF
b1bdee8e5e3372174619_x154_y96_471_245_502_278.png,AMF
b1bdee8e5e3372174619_x161_y101_10_562_38_589.png,NMF
b1bdee8e5e3372174619_x161_y102_395_148_413_169.png,AMF
b1bdee8e5e3372174619_x167_y99_180_34_210_76.png,NMF
b1bdee8e5e3372174619_x174_y85_379_63_404_85.png,AMF
b1bdee8e5e3372174619_x68_y34_386_225_413_252.png,AMF
b1bdee8e5e3372174619_x70_y50_137_378_175_405.png,NMF
b1bdee8e5e3372174619_x71_y56_401_415_424_440.png,AMF
b1bdee8e5e3372174619_x96_y63_578_407_610_433.png,AMF
b1bdee8e5e3372174619_x97_y91_477_234_508_268.png,NMF
c3eb4b8382b470dd63a9_x101_y32_229_479_265_512.png,NMF
c3eb4b8382b470dd63a9_x102_y42_46_539_66_561.png,NMF
c3eb4b8382b470dd63a9_x102_y54_97_51_120_78.png,AMF
c3eb4b8382b470dd63a9_x105_y36_291_74_307_104.png,NMF
c3eb4b8382b470dd63a9_x105_y44_266_522_287_545.png,NMF
c3eb4b8382b470dd63a9_x109_y38_211_414_238_437.png,AMF
c3eb4b8382b470dd63a9_x109_y39_0_73_16_101.png,AMF
c3eb4b8382b470dd63a9_x110_y43_587_580_615_612.png,AMF
c3eb4b8382b470dd63a9_x113_y50_0_49_28_81.png,NMF
c3eb4b8382b470dd63a9_x113_y50_219_545_249_574.png,AMF
c3eb4b8382b470dd63a9_x116_y24_355_215_379_242.png,AMF
c3eb4b8382b470dd63a9_x116_y47_254_463_282_490.png,AMF
c3eb4b8382b470dd63a9_x119_y23_580_320_609_347.png,AMF
c3eb4b8382b470dd63a9_x11_y55_125_495_155_527.png,AMF
c3eb4b8382b470dd63a9_x12_y51_360_448_389_480.png,AMF
c3eb4b8382b470dd63a9_x17_y45_572_513_595_541.png,AMF
c3eb4b8382b470dd63a9_x19_y52_221_562_247_591.png,AMF
c3eb4b8382b470dd63a9_x20_y49_579_525_606_552.png,AMF
c3eb4b8382b470dd63a9_x25_y36_490_71_514_92.png,NMF
c3eb4b8382b470dd63a9_x31_y27_401_323_426_346.png,NMF
c3eb4b8382b470dd63a9_x33_y24_494_437_521_460.png,NMF
c3eb4b8382b470dd63a9_x34_y21_458_593_482_623.png,AMF
c3eb4b8382b470dd63a9_x34_y28_369_108_397_142.png,NMF
c3eb4b8382b470dd63a9_x37_y23_1_162_31_192.png,AMF
c3eb4b8382b470dd63a9_x37_y23_595_254_611_274.png,AMF
c3eb4b8382b470dd63a9_x39_y30_431_253_458_283.png,AMF
c3eb4b8382b470dd63a9_x42_y15_76_556_103_586.png,AMF
c3eb4b8382b470dd63a9_x42_y19_110_265_132_289.png,AMF
c3eb4b8382b470dd63a9_x44_y13_172_153_201_194.png,AMF
c3eb4b8382b470dd63a9_x45_y21_398_255_421_278.png,AMF
c3eb4b8382b470dd63a9_x45_y22_391_0_418_23.png,NMF
c3eb4b8382b470dd63a9_x47_y14_311_202_337_232.png,NMF
c3eb4b8382b470dd63a9_x47_y18_413_329_446_353.png,NMF
c3eb4b8382b470dd63a9_x48_y12_92_270_123_301.png,AMF
c3eb4b8382b470dd63a9_x49_y15_60_10_87_34.png,AMF
c3eb4b8382b470dd63a9_x49_y15_6_0_30_19.png,NMF
c3eb4b8382b470dd63a9_x50_y14_281_15_305_39.png,AMF
c3eb4b8382b470dd63a9_x51_y15_225_597_248_622.png,AMF
c3eb4b8382b470dd63a9_x55_y19_338_65_369_104.png,NMF
c3eb4b8382b470dd63a9_x55_y20_194_199_220_235.png,NMF
c3eb4b8382b470dd63a9_x56_y24_198_373_235_407.png,NMF
c3eb4b8382b470dd63a9_x60_y14_17_527_41_553.png,AMF
c3eb4b8382b470dd63a9_x60_y19_591_384_619_424.png,NMF
c3eb4b8382b470dd63a9_x70_y18_560_472_588_507.png,NMF
c3eb4b8382b470dd63a9_x77_y15_354_533_384_560.png,NMF
c3eb4b8382b470dd63a9_x79_y19_574_210_600_235.png,AMF
c3eb4b8382b470dd63a9_x79_y42_66_308_91_331.png,NMF
c3eb4b8382b470dd63a9_x83_y17_590_225_618_260.png,NMF
c3eb4b8382b470dd63a9_x83_y54_268_275_292_302.png,AMF
c3eb4b8382b470dd63a9_x84_y41_232_66_269_103.png,NMF
c3eb4b8382b470dd63a9_x85_y17_256_255_283_280.png,NMF
c3eb4b8382b470dd63a9_x86_y47_339_408_366_436.png,AMF
c3eb4b8382b470dd63a9_x87_y41_172_296_196_321.png,AMF
c3eb4b8382b470dd63a9_x87_y45_110_188_136_209.png,AMF
c3eb4b8382b470dd63a9_x88_y16_344_473_374_499.png,AMF
c3eb4b8382b470dd63a9_x88_y58_440_427_465_455.png,AMF
c3eb4b8382b470dd63a9_x88_y58_5_284_33_314.png,AMF
c3eb4b8382b470dd63a9_x89_y52_563_535_590_561.png,AMF
c3eb4b8382b470dd63a9_x90_y16_92_94_131_125.png,NMF
c3eb4b8382b470dd63a9_x93_y36_310_531_333_554.png,AMF
c3eb4b8382b470dd63a9_x93_y45_192_256_218_282.png,AMF
c3eb4b8382b470dd63a9_x93_y49_397_0_418_21.png,AMF
c3eb4b8382b470dd63a9_x93_y51_345_289_371_321.png,AMF
c3eb4b8382b470dd63a9_x94_y20_503_405_543_440.png,NMF
c3eb4b8382b470dd63a9_x97_y49_8_508_34_536.png,AMF
c3eb4b8382b470dd63a9_x98_y38_75_320_107_350.png,NMF
c3eb4b8382b470dd63a9_x99_y15_58_429_81_454.png,NMF
c3eb4b8382b470dd63a9_x99_y44_397_374_421_407.png,AMF
c4b95da36e32993289cb_x128_y120_615_389_636_413.png,AMF
c4b95da36e32993289cb_x138_y110_297_242_319_265.png,AMF
c4b95da36e32993289cb_x140_y109_141_408_165_432.png,AMF
c4b95da36e32993289cb_x163_y96_236_150_266_182.png,AMF
c4b95da36e32993289cb_x167_y92_343_535_364_557.png,AMF
c4b95da36e32993289cb_x178_y78_92_416_119_439.png,NMF
c4b95da36e32993289cb_x184_y61_472_446_501_472.png,AMF
c4b95da36e32993289cb_x65_y67_37_245_69_275.png,NMF
c4b95da36e32993289cb_x96_y113_184_580_209_603.png,AMF
c91a842257ed2add5134_x102_y70_164_393_187_418.png,NMF
c91a842257ed2add5134_x102_y85_56_124_85_156.png,NMF
c91a842257ed2add5134_x112_y79_472_217_501_248.png,AMF
c91a842257ed2add5134_x116_y72_82_103_104_133.png,AMF
c91a842257ed2add5134_x118_y66_155_415_180_446.png,AMF
c91a842257ed2add5134_x121_y71_149_389_179_428.png,NMF
c91a842257ed2add5134_x121_y88_358_103_384_131.png,NMF
c91a842257ed2add5134_x124_y88_143_192_172_216.png,AMF
c91a842257ed2add5134_x124_y94_76_127_96_156.png,NMF
c91a842257ed2add5134_x126_y78_18_512_46_546.png,NMF
c91a842257ed2add5134_x136_y64_422_472_447_500.png,AMF
c91a842257ed2add5134_x36_y84_90_343_120_370.png,AMF
c91a842257ed2add5134_x43_y69_478_206_504_240.png,AMF
c91a842257ed2add5134_x69_y83_354_118_384_154.png,AMF
c91a842257ed2add5134_x82_y93_581_261_611_297.png,NMF
c91a842257ed2add5134_x94_y69_205_324_236_353.png,AMF
c91a842257ed2add5134_x96_y70_326_348_353_374.png,AMF
c91a842257ed2add5134_x97_y67_167_383_200_415.png,NMF
c91a842257ed2add5134_x97_y80_198_352_233_384.png,NMF
d37ab62158945f22deed_x101_y35_12_415_39_443.png,AMF
d37ab62158945f22deed_x119_y41_105_12_125_41.png,AMF
d37ab62158945f22deed_x134_y79_605_293_630_319.png,NMF
d37ab62158945f22deed_x136_y74_46_527_70_551.png,AMF
d37ab62158945f22deed_x137_y93_36_123_65_159.png,AMF
d37ab62158945f22deed_x139_y67_147_334_164_359.png,NMF
d37ab62158945f22deed_x16_y57_559_258_578_284.png,AMF
d37ab62158945f22deed_x40_y33_150_255_179_292.png,NMF
d37ab62158945f22deed_x46_y95_301_89_327_111.png,AMF
d37ab62158945f22deed_x51_y33_380_331_411_361.png,AMF
d37ab62158945f22deed_x54_y76_478_476_502_505.png,AMF
d37ab62158945f22deed_x60_y105_491_6_519_34.png,NMF
d37ab62158945f22deed_x61_y56_178_169_207_201.png,AMF
d37ab62158945f22deed_x65_y93_400_212_418_242.png,AMF
d37ab62158945f22deed_x71_y74_18_232_48_262.png,AMF
d7a8af121d7d4f3fbf01_x106_y118_559_0_597_35.png,AMF
d7a8af121d7d4f3fbf01_x120_y118_412_86_442_122.png,NMF
d7a8af121d7d4f3fbf01_x156_y110_243_94_256_120.png,NMF
d7a8af121d7d4f3fbf01_x157_y89_206_163_301_238.png,NMF
d7a8af121d7d4f3fbf01_x21_y57_523_529_555_563.png,AMF
d7a8af121d7d4f3fbf01_x37_y58_387_186_417_220.png,AMF
d7a8af121d7d4f3fbf01_x38_y83_80_408_116_440.png,AMF
d7a8af121d7d4f3fbf01_x50_y107_455_165_476_184.png,NMF
d7a8af121d7d4f3fbf01_x51_y55_530_20_554_45.png,AMF
d7a8af121d7d4f3fbf01_x52_y15_345_523_376_552.png,AMF
d7a8af121d7d4f3fbf01_x52_y55_21_549_60_583.png,AMF
d7a8af121d7d4f3fbf01_x55_y80_545_214_573_240.png,AMF
d7a8af121d7d4f3fbf01_x55_y83_237_338_270_370.png,AMF
d7a8af121d7d4f3fbf01_x55_y98_181_324_203_358.png,AMF
d7a8af121d7d4f3fbf01_x59_y114_355_266_386_292.png,NMF
d7a8af121d7d4f3fbf01_x60_y74_215_589_245_615.png,AMF
d7a8af121d7d4f3fbf01_x60_y97_609_340_633_364.png,AMF
d7a8af121d7d4f3fbf01_x63_y9_37_119_63_143.png,AMF
d7a8af121d7d4f3fbf01_x69_y115_250_514_273_538.png,AMF
d7a8af121d7d4f3fbf01_x96_y87_284_225_312_260.png,AMF
da18e7b9846e9d38034c_x29_y110_272_586_301_617.png,NMF
da18e7b9846e9d38034c_x52_y63_395_128_429_153.png,AMF
da18e7b9846e9d38034c_x56_y84_38_284_74_321.png,NMF
dd4246ab756f6479c841_x106_y27_512_486_551_526.png,AMF
dd4246ab756f6479c841_x138_y74_513_231_549_255.png,AMF
dd4246ab756f6479c841_x26_y116_323_302_351_335.png,NMF
dd4246ab756f6479c841_x29_y107_188_112_218_139.png,AMF
dd4246ab756f6479c841_x35_y80_123_613_153_640.png,AMF
dd4246ab756f6479c841_x43_y81_437_438_472_468.png,NMF
dd4246ab756f6479c841_x47_y63_284_36_314_63.png,AMF
dd4246ab756f6479c841_x50_y53_279_499_309_527.png,AMF
dd4246ab756f6479c841_x51_y65_487_113_517_145.png,AMF
dd4246ab756f6479c841_x52_y88_64_61_95_90.png,AMF
dd4246ab756f6479c841_x53_y47_77_106_108_131.png,AMF
dd4246ab756f6479c841_x54_y70_235_455_266_487.png,AMF
dd4246ab756f6479c841_x60_y51_569_93_596_119.png,AMF
dd4246ab756f6479c841_x61_y35_482_411_512_438.png,AMF
dd4246ab756f6479c841_x74_y41_354_572_380_600.png,AMF
dd4246ab756f6479c841_x74_y45_178_107_205_148.png,AMF
dd4246ab756f6479c841_x76_y39_373_256_406_287.png,NMF
dd4246ab756f6479c841_x77_y40_302_455_331_481.png,AMF
dd4246ab756f6479c841_x81_y112_425_298_448_335.png,AMF
dd4246ab756f6479c841_x86_y112_136_94_163_131.png,AMF
dd4246ab756f6479c841_x88_y123_332_188_356_225.png,NMF
dd4246ab756f6479c841_x90_y115_506_468_537_495.png,NMF
dd4246ab756f6479c841_x91_y113_0_405_29_445.png,AMF
dd4246ab756f6479c841_x91_y69_160_380_190_405.png,NMF
dd4246ab756f6479c841_x93_y117_77_135_111_174.png,AMF
dd4246ab756f6479c841_x93_y80_0_306_24_330.png,AMF
f3741e764d39ccc4d114_x14_y61_509_99_535_119.png,NMF
f3741e764d39ccc4d114_x15_y24_28_386_52_408.png,AMF
f3741e764d39ccc4d114_x24_y44_287_205_317_231.png,NMF
f3741e764d39ccc4d114_x27_y37_93_522_115_548.png,NMF
fff27b79894fe0157b08_x107_y31_245_266_278_298.png,NMF
fff27b79894fe0157b08_x111_y28_261_464_291_494.png,AMF
fff27b79894fe0157b08_x116_y27_376_356_406_386.png,NMF
fff27b79894fe0157b08_x122_y65_303_57_336_89.png,AMF
fff27b79894fe0157b08_x130_y43_2_320_32_351.png,AMF
fff27b79894fe0157b08_x140_y52_427_86_465_120.png,NMF
fff27b79894fe0157b08_x144_y35_207_426_241_462.png,AMF
fff27b79894fe0157b08_x152_y64_126_22_163_56.png,AMF
fff27b79894fe0157b08_x54_y8_138_425_176_460.png,NMF
fff27b79894fe0157b08_x59_y14_192_96_218_114.png,AMF
fff27b79894fe0157b08_x63_y15_217_515_247_542.png,AMF
fff27b79894fe0157b08_x72_y15_575_558_612_598.png,NMF
fff27b79894fe0157b08_x75_y30_90_309_120_341.png,NMF
fff27b79894fe0157b08_x76_y15_24_39_49_68.png,AMF
fff27b79894fe0157b08_x76_y22_97_0_130_26.png,AMF
fff27b79894fe0157b08_x89_y37_392_502_426_538.png,AMF
fff27b79894fe0157b08_x93_y55_469_218_504_251.png,AMF
fff27b79894fe0157b08_x94_y25_506_341_534_373.png,AMF
